WRINV_NO,FIRE_TYPE_NM,BLDG_SRTFRM_NM,BLDG_STRCTR_NM,BLDG_SRTRF_NM,BLDG_RSCU_DNGCT,GRND_NOFL,UDGD_NOFL,GFA,BTTM_AREA,BLDG_STTS_NM,DTH_CNT,INJPSN_CNT,HNL_DAM_CNT,PRPT_DAM_AMT,OCRN_YR,SEASN_NM,QTR_NO,OCRN_YMD,OCRN_TM,OCRN_MM,OCRN_DAY,OCRN_HR,OCRN_MN,DCLR_DOW,FRSTN_NM,CNTR_NM,LFDAU_NM,DSPT_REQ_TM,FIRE_SUPESN_REQ_TM,GRNDS_CTPV_NM,GRNDS_SGG_NM,CTY_FRMVL_SE_NM,DAMG_RGN_LOT,DAMG_RGN_LAT,GRNDS_DSTNC,CNTR_GRNDS_DSTNC,LFDAU_GRNDS_DSTNC,IGTN_HTSRC_LCLSF_NM,IGTN_HTSRC_SCLSF_NM,IGTN_DMNT_LCLSF_NM,IGTN_DMNT_SCLSF_NM,FRST_IGOBJ_LCLSF_NM,FRST_IGOBJ_SCLSF_NM,IGTN_ISTR_LCLSF_NM,IGTN_ISTR_SCLSF_NM,CMBS_EXPOBJ_LCLSF_NM,CMBS_EXPOBJ_SCLSF_NM,FCLT_PLC_LCLSF_NM,FCLT_PLC_MCLSF_NM,FCLT_PLC_SCLSF_NM,IGTN_FLR_NM,SO_AREA,FIRE_INSRNC_OBLG_JOIN_TRGT_YN,ARSON_MNG_TRGT_YN,MUB_YN,EMRG_CNTRL_YN,IGTN_PLC_NM,VHCL_IGTN_PSTN_NM,FND_FIRE_SE_NM,FND_FIRE_IGTN_BRNCH_NM,HR_UNIT_ARTMP,HR_UNIT_RN,HR_UNIT_WSPD,HR_UNIT_WNDRCT,HR_UNIT_HUM,HR_UNIT_SNWFL,HR_UNIT_VSDST,행정동
170102152537131,건축/구조물,양식(옥),철근콘크리트조,슬라브가,1.0,6.0,3.0,1541.0,161.0,사용중,0,0,0,275,2017,겨울,1,20170102,123700,1,2,12,37,월요일,강남소방서,역삼119안전센터,역삼119안전센터,420,800,서울특별시,강남구,도시,127.0275626,37.4996146,5.0,2.0,0.0,마찰/ 전도/ 복사,화염 전도/복사열,부주의,음식물 조리중,식품,음식물,,,,,생활서비스,음식점,한식,-2.0,0.0,N,Y,Y,,,,,,7.6,,2.1,230.0,70.0,,409.0,역삼1동
170103165805184,건축/구조물,양식(옥),철근콘크리트조,슬라브가,1.0,12.0,4.0,24533.0,1439.0,사용중,0,0,0,259,2017,겨울,1,20170103,125300,1,3,12,53,화요일,강남소방서,역삼119안전센터,역삼119안전센터,444,600,서울특별시,강남구,도시,127.0350268,37.4985647,4.0,2.0,0.0,작동기기,전기적 아크(단락),전기적 요인,과부하/과전류,전기/전자,전선피복,생활기기,세탁기,,,판매/업무시설,일반업무,오피스텔,6.0,0.0,N,N,N,,,,,,5.9,,2.4,200.0,44.0,,684.0,역삼1동
170107221234984,건축/구조물,조립식,샌드위치패널조,샌드위치패널,1.0,1.0,0.0,4.0,4.0,사용중,0,0,0,30,2017,겨울,1,20170107,213100,1,7,21,31,토요일,강남소방서,역삼119안전센터,역삼119안전센터,350,0,서울특별시,강남구,도시,127.0292832,37.4988997,4.0,2.0,0.0,담뱃불/ 라이터불,담뱃불,부주의,담배꽁초,종이/목재/건초등,풀/ 나뭇잎,,,,,기타서비스,기타건축물,기타 건축물,1.0,0.0,N,N,N,,,,,,4.4,,1.4,50.0,59.0,,888.0,역삼1동
170108125443627,건축/구조물,양식(옥),철근콘크리트조,슬라브가,1.0,6.0,1.0,1784.0,341.0,사용중,0,0,0,426,2017,겨울,1,20170108,113100,1,8,11,31,일요일,강남소방서,역삼119안전센터,역삼119안전센터,504,1152,서울특별시,강남구,도시,127.0270202,37.5019062,4.0,2.0,0.0,작동기기,전기적 아크(단락),전기적 요인,트래킹에 의한 단락,전기/전자,전기/ 전자기기 기판,조명/ 간판,네온사인/간판등,,,생활서비스,일상서비스,이미용실,3.0,0.0,N,Y,N,,,,,,9.2,,2.3,50.0,51.0,,1964.0,역삼1동
170109153314313,건축/구조물,양식(옥),벽돌조,슬라브가,1.0,2.0,1.0,258.0,151.0,사용중,0,0,0,189,2017,겨울,1,20170109,143500,1,9,14,35,월요일,강남소방서,역삼119안전센터,역삼119안전센터,454,200,서울특별시,강남구,도시,127.0288118,37.5047778,4.0,2.0,0.0,담뱃불/ 라이터불,담뱃불,부주의,담배꽁초,종이/목재/건초등,종이,,,,,주거,단독주택,단독주택,1.0,1.0,N,N,N,,,,,,3.6,,4.0,320.0,49.0,,783.0,역삼1동
170110125016642,기타(쓰레기 화재등),,,,,,,,,,0,0,0,430,2017,겨울,1,20170110,115900,1,10,11,59,화요일,강남소방서,역삼119안전센터,역삼119안전센터,554,0,서울특별시,강남구,도시,127.0285292,37.4990479,4.0,2.0,0.0,담뱃불/ 라이터불,담뱃불,부주의,담배꽁초,종이/목재/건초등,종이,,,,,기타,야외,쓰레기,,2.0,N,N,N,,,,,,-0.5,,3.5,270.0,49.0,,1783.0,역삼1동
170119053156836,건축/구조물,양식(옥),철근콘크리트조,슬라브가,1.0,2.0,1.0,425.0,166.0,사용중,0,0,0,2741,2017,겨울,1,20170119,40300,1,19,4,3,목요일,강남소방서,역삼119안전센터,역삼119안전센터,604,500,서울특별시,강남구,도시,127.0276083,37.5029501,4.0,2.0,0.0,작동기기,전기적 아크(단락),전기적 요인,미확인단락,전기/전자,전선피복,전기설비,배전반/분전반,,,생활서비스,음식점,기타 음식점,-1.0,10.0,N,N,Y,,,,,,-4.1,,0.6,290.0,81.0,,304.0,역삼1동
170121204756578,건축/구조물,양식(옥),철근콘크리트조,슬라브가,1.0,10.0,3.0,18046.0,1385.0,사용중,0,1,1,2616,2017,겨울,1,20170121,93700,1,21,9,37,토요일,강남소방서,역삼119안전센터,역삼119안전센터,251,1800,서울특별시,강남구,도시,127.0330259,37.4960912,4.0,1.0,0.0,화학적 발화열,화학반응열,부주의,음식물 조리중,식품,튀김유,,,,,생활서비스,음식점,한식,-1.0,30.0,N,Y,Y,,,,,,-8.3,0.0,1.9,20.0,72.0,4.0,810.0,역삼1동
170128162229936,건축/구조물,양식(옥),철근콘크리트조,슬라브가,1.0,5.0,2.0,1028.0,151.0,사용중,0,0,0,6818,2017,겨울,1,20170128,143100,1,28,14,31,토요일,강남소방서,역삼119안전센터,역삼119안전센터,511,900,서울특별시,강남구,도시,127.0264535,37.5039602,5.0,2.0,0.0,마찰/ 전도/ 복사,화염 전도/복사열,부주의,가연물 근접방치,합성수지,기타(합성수지),계절용 기기,전기장판/담요/방석류,,,주거,단독주택,상가주택(주택부분에서 화재가 발생한 경우에만 해당),4.0,10.0,N,Y,N,,,,,,4.0,,2.0,90.0,21.0,,2000.0,역삼1동
170130100018258,건축/구조물,양식(옥),철근콘크리트조,슬라브가,1.0,3.0,1.0,1537.0,423.0,사용중,0,0,0,473,2017,겨울,1,20170130,85200,1,30,8,52,월요일,강남소방서,역삼119안전센터,역삼119안전센터,408,0,서울특별시,강남구,도시,127.0410745,37.5054349,4.0,2.0,0.0,작동기기,기기 전도/복사열,기계적 요인,과열/ 과부하,합성수지,플라스틱/ PVC/ 비닐/ 장판,,,,,생활서비스,음식점,횟집,1.0,0.0,N,Y,N,,,,,,-5.9,,2.3,270.0,79.0,2.2,562.0,역삼1동
170202071532965,건축/구조물,양식(옥),철근콘크리트조,슬라브가,1.0,3.0,1.0,766.0,218.0,사용중,0,0,0,81,2017,겨울,1,20170202,43400,2,2,4,34,목요일,강남소방서,역삼119안전센터,역삼119안전센터,615,300,서울특별시,강남구,도시,127.0424177,37.5064623,3.0,2.0,0.0,마찰/ 전도/ 복사,화염 전도/복사열,부주의,음식물 조리중,식품,음식물,,,,,주거,공동주택,다세대주택,-1.0,0.0,N,N,N,,,,,,-8.6,,1.6,270.0,47.0,,2000.0,역삼1동
170206085841983,건축/구조물,양식(옥),철근콘크리트조,슬라브가,1.0,6.0,3.0,7709.0,827.0,사용중,0,0,0,491,2017,겨울,1,20170206,64100,2,6,6,41,월요일,강남소방서,역삼119안전센터,역삼119안전센터,512,900,서울특별시,강남구,도시,127.0452171,37.507863,2.0,2.0,0.0,작동기기,전기적 아크(단락),전기적 요인,기타(전기적요인),전기/전자,전선피복,계절용 기기,환풍기/송풍기/공조기,전기/전자,전선피복,판매/업무시설,일반업무,일반빌딩,2.0,0.0,N,Y,N,,,,,,-3.7,,1.7,290.0,59.0,,1276.0,역삼1동
170208203311146,건축/구조물,양식(옥),철근콘크리트조,슬라브가,1.0,15.0,5.0,47541.0,3676.0,사용중,0,0,0,5859,2017,겨울,1,20170208,183100,2,8,18,31,수요일,강남소방서,역삼119안전센터,역삼119안전센터,433,1100,서울특별시,강남구,도시,127.0304239,37.495406,4.0,1.0,0.0,마찰/ 전도/ 복사,화염 전도/복사열,부주의,음식물 조리중,식품,튀김유,,,,,생활서비스,음식점,한식,-1.0,10.0,N,Y,N,,,,,,-0.6,,2.5,250.0,43.0,,1769.0,역삼1동
170210225244841,건축/구조물,양식(옥),철근콘크리트조,슬라브가,1.0,4.0,1.0,778.0,181.0,사용중,0,0,0,346,2017,겨울,1,20170210,215500,2,10,21,55,금요일,강남소방서,역삼119안전센터,역삼119안전센터,336,300,서울특별시,강남구,도시,127.0359212,37.4986972,4.0,1.0,0.0,마찰/ 전도/ 복사,화염 전도/복사열,부주의,음식물 조리중,기타,기타,,,,,생활서비스,음식점,기타 음식점,1.0,0.0,N,Y,N,,,,,,-7.1,,3.6,290.0,49.0,,1995.0,역삼1동
170212024307248,건축/구조물,양식(옥),철근콘크리트조,슬라브가,1.0,5.0,1.0,829.0,137.0,사용중,0,0,0,866,2017,겨울,1,20170211,104700,2,11,10,47,토요일,강남소방서,역삼119안전센터,역삼119안전센터,438,3700,서울특별시,강남구,도시,127.0448739,37.5065545,4.0,1.0,0.0,작동기기,전기적 아크(단락),전기적 요인,절연열화에 의한 단락,전기/전자,전선피복,계절용 기기,열선,,,주거,단독주택,상가주택(주택부분에서 화재가 발생한 경우에만 해당),1.0,0.0,N,Y,N,,,,,,-6.5,,3.9,320.0,45.0,,1907.0,역삼1동
170212215443671,기타(쓰레기 화재등),,,,,,,,,,0,0,0,107,2017,겨울,1,20170212,210400,2,12,21,4,일요일,강남소방서,역삼119안전센터,역삼119안전센터,417,200,서울특별시,강남구,도시,127.0428676,37.507854,3.0,2.0,0.0,미상(발화원인),미상,부주의,불장난,종이/목재/건초등,종이,,,,,기타,야외,쓰레기,,,N,N,N,,,,,,-1.5,,1.6,270.0,62.0,,1990.0,역삼1동
170214024150277,건축/구조물,양식(옥),철근콘크리트조,슬라브가,,5.0,1.0,1083.0,192.0,사용중,0,0,0,48,2017,겨울,1,20170214,15200,2,14,1,52,화요일,강남소방서,역삼119안전센터,역삼119안전센터,138,827,서울특별시,강남구,도시,127.0358226,37.4967039,4.0,1.0,0.0,미상(발화원인),미상,방화의심,방화의심,가구,테이블/ 의자,미상,미상,,,주거,공동주택,다세대주택,-1.0,0.0,N,Y,N,,,,,,-0.7,,3.8,290.0,77.0,,899.0,역삼1동
170217165030677,건축/구조물,양식(옥),철근콘크리트조,슬라브가,1.0,17.0,4.0,14066.0,669.0,신축,0,0,0,300,2017,겨울,1,20170217,85800,2,17,8,58,금요일,강남소방서,역삼119안전센터,역삼119안전센터,354,1300,서울특별시,강남구,도시,127.0291821,37.4955199,4.0,1.0,0.0,불꽃/ 불티,용접/ 절단/ 연마,부주의,용접/ 절단/ 연마,합성수지,우레탄,산업장비,용접절단기(토치),,,기타서비스,기타건축물,기타 건축물,7.0,0.0,N,N,N,,,,,,0.1,,4.3,270.0,80.0,,1977.0,역삼1동
170217211351826,건축/구조물,양식(옥),철근콘크리트조,슬라브가,1.0,3.0,1.0,1537.0,42301.0,사용중,0,0,0,36,2017,겨울,1,20170217,201600,2,17,20,16,금요일,강남소방서,역삼119안전센터,역삼119안전센터,245,935,서울특별시,강남구,도시,127.0422074,37.5049654,3.0,1.0,0.0,작동기기,기기 전도/복사열,기계적 요인,자동제어 실패,합성수지,플라스틱/ PVC/ 비닐/ 장판,계절용 기기,기타(계절용기기),,,생활서비스,음식점,한식,1.0,0.0,N,Y,N,,,,,,-2.0,,4.1,270.0,50.0,,2000.0,역삼1동
170218045503061,건축/구조물,양식(옥),철근콘크리트조,슬라브가,1.0,7.0,1.0,1384.0,229.0,사용중,0,0,0,20,2017,겨울,1,20170218,25000,2,18,2,50,토요일,강남소방서,역삼119안전센터,역삼119안전센터,537,801,서울특별시,강남구,도시,127.0338208,37.5056908,4.0,2.0,0.0,작동기기,기기 전도/복사열,부주의,음식물 조리중,식품,음식물,,,,,주거,단독주택,상가주택(주택부분에서 화재가 발생한 경우에만 해당),3.0,0.0,N,Y,N,,,,,,-5.9,,2.1,340.0,53.0,,2000.0,역삼1동
170227153843509,건축/구조물,양식(옥),철근콘크리트조,슬라브가,1.0,3.0,1.0,746.0,267.0,공가,0,0,0,337,2017,겨울,1,20170227,131400,2,27,13,14,월요일,강남소방서,역삼119안전센터,역삼119안전센터,434,902,서울특별시,강남구,도시,127.0348447,37.5043808,3.0,1.0,0.0,담뱃불/ 라이터불,담뱃불,부주의,담배꽁초,쓰레기류,쓰레기,,,,,판매/업무시설,판매시설,상가빌딩,1.0,5.0,N,Y,N,,,,,,8.9,,3.0,290.0,22.0,,1994.0,역삼1동
170227171824883,건축/구조물,양식(옥),철근콘크리트조,슬라브가,1.0,6.0,1.0,806.0,129.0,사용중,0,0,0,30,2017,겨울,1,20170227,142700,2,27,14,27,월요일,강남소방서,역삼119안전센터,역삼119안전센터,213,0,서울특별시,강남구,도시,127.0442229,37.5050248,2.0,1.0,0.0,작동기기,전기적 아크(단락),전기적 요인,접촉불량에 의한 단락,합성수지,플라스틱/ PVC/ 비닐/ 장판,배선/배선기구,플러그,,,생활서비스,음식점,한식,2.0,0.0,N,Y,N,,,,,,10.1,,3.4,250.0,21.0,,1985.0,역삼1동
170307160320635,건축/구조물,양식(옥),철근콘크리트조,슬라브가,1.0,4.0,1.0,571.0,140.0,사용중,0,0,0,469,2017,봄,1,20170307,125200,3,7,12,52,화요일,강남소방서,역삼119안전센터,역삼119안전센터,358,600,서울특별시,강남구,도시,127.0392857,37.503776,4.0,1.0,0.0,담뱃불/ 라이터불,담뱃불,부주의,담배꽁초,합성수지,플라스틱/ PVC/ 비닐/ 장판,,,,,판매/업무시설,일반업무,일반빌딩,2.0,2.0,N,N,N,,,,,,0.4,,2.9,270.0,27.0,,1921.0,역삼1동
170307174803785,건축/구조물,양식(옥),철근콘크리트조,슬라브가,1.0,5.0,1.0,839.0,138.0,사용중,0,0,0,73,2017,봄,1,20170307,161800,3,7,16,18,화요일,강남소방서,역삼119안전센터,역삼119안전센터,407,0,서울특별시,강남구,도시,127.0317017,37.4972079,3.0,1.0,0.0,담뱃불/ 라이터불,담뱃불,부주의,담배꽁초,쓰레기류,쓰레기,,,,,판매/업무시설,일반업무,일반빌딩,1.0,0.0,N,Y,N,,,,,,2.6,,4.2,250.0,24.0,,2000.0,역삼1동
170318210628871,기타(쓰레기 화재등),,,,,,,,,,0,0,0,0,2017,봄,1,20170318,200500,3,18,20,5,토요일,강남소방서,역삼119안전센터,역삼119안전센터,511,600,서울특별시,강남구,도시,127.0293333,37.4972246,4.0,2.0,0.0,담뱃불/ 라이터불,담뱃불,부주의,담배꽁초,쓰레기류,기타 쓰레기,,,,,기타,야외,쓰레기,,,N,N,N,,,,,,8.9,,1.9,270.0,28.0,,1264.0,역삼1동
170320133149360,건축/구조물,양식(옥),철골철근콘크리트조,슬라브가,1.0,16.0,6.0,14860.0,1075.0,사용중,0,0,0,1346,2017,봄,1,20170320,112200,3,20,11,22,월요일,강남소방서,역삼119안전센터,역삼119안전센터,237,1544,서울특별시,강남구,도시,127.0400391,37.5066536,3.0,1.0,0.0,작동기기,전기적 아크(단락),전기적 요인,접촉불량에 의한 단락,전기/전자,전선피복,계절용 기기,전기히터/스토브,,,판매/업무시설,숙박시설,호텔,-6.0,10.0,N,Y,N,,,,,,12.6,,2.6,50.0,30.0,,990.0,역삼1동
170322081416778,건축/구조물,양식(옥),철근콘크리트조,슬라브가,1.0,4.0,1.0,4994.0,1399.0,사용중,0,0,0,1336,2017,봄,1,20170321,192400,3,21,19,24,화요일,강남소방서,역삼119안전센터,역삼119안전센터,330,600,서울특별시,강남구,도시,127.0380626,37.5073753,4.0,1.0,0.0,담뱃불/ 라이터불,촛불,부주의,불씨/불꽃/화원방치,종이/목재/건초등,기타(종이/목재/건초등),,,종이/목재/건초등,기타(종이/목재/건초등),생활서비스,음식점,한식,1.0,10.0,N,Y,N,,,,,,9.6,,5.4,290.0,28.0,,1972.0,역삼1동
170326153802878,건축/구조물,양식(옥),철근콘크리트조,슬라브가,1.0,5.0,1.0,990.0,132.0,사용중,0,0,0,6447,2017,봄,1,20170326,123200,3,26,12,32,일요일,강남소방서,역삼119안전센터,역삼119안전센터,359,1000,서울특별시,강남구,도시,127.0306962,37.498182,4.0,2.0,0.0,마찰/ 전도/ 복사,화염 전도/복사열,부주의,음식물 조리중,식품,튀김유,,,,,생활서비스,음식점,중식,1.0,30.0,N,N,N,,,,,,10.7,,2.3,250.0,36.0,,1048.0,역삼1동
170402171312642,기타(쓰레기 화재등),,,,,,,,,,0,0,0,0,2017,봄,2,20170402,152800,4,2,15,28,일요일,강남소방서,역삼119안전센터,역삼119안전센터,338,700,서울특별시,강남구,도시,127.0338046,37.4923987,5.0,1.0,0.0,담뱃불/ 라이터불,담뱃불,부주의,담배꽁초,쓰레기류,쓰레기,,,,,기타,야외,쓰레기,,,N,N,N,,,,,,15.1,,4.2,250.0,26.0,,1438.0,역삼1동
170412102317511,건축/구조물,양식(옥),철근콘크리트조,슬라브가,1.0,7.0,1.0,3849.0,492.0,사용중,0,0,0,451,2017,봄,2,20170411,213000,4,11,21,30,화요일,강남소방서,역삼119안전센터,역삼119안전센터,259,828,서울특별시,강남구,도시,127.0375201,37.4959065,3.0,1.0,0.0,담뱃불/ 라이터불,담뱃불,부주의,담배꽁초,합성수지,플라스틱/ PVC/ 비닐/ 장판,,,,,주거,공동주택,아파트,7.0,0.0,N,Y,N,,,,,,14.4,,5.1,290.0,22.0,,1996.0,역삼1동
170412111542535,건축/구조물,양식(옥),철근콘크리트조,슬라브가,1.0,6.0,1.0,3422.0,591.0,사용중,0,0,0,136,2017,봄,2,20170412,13200,4,12,1,32,수요일,강남소방서,역삼119안전센터,역삼119안전센터,420,557,서울특별시,강남구,도시,127.0304935,37.5028096,4.0,1.0,0.0,담뱃불/ 라이터불,담뱃불,부주의,담배꽁초,종이/목재/건초등,목재/ 합판,,,,,주거,공동주택,아파트,1.0,0.0,N,Y,N,,,,,,10.8,,1.4,270.0,22.0,,1998.0,역삼1동
170412194619352,기타(쓰레기 화재등),,,,,,,,,,0,0,0,30,2017,봄,2,20170412,182200,4,12,18,22,수요일,강남소방서,역삼119안전센터,역삼119안전센터,304,0,서울특별시,강남구,도시,127.0382785,37.4969693,4.0,1.0,0.0,담뱃불/ 라이터불,담뱃불,부주의,담배꽁초,쓰레기류,쓰레기,,,,,기타,야외,쓰레기,,,N,N,N,,,,,,12.4,,4.5,230.0,15.0,,2000.0,역삼1동
170423151736238,건축/구조물,양식(옥),철근콘크리트조,슬라브가,1.0,4.0,1.0,653.0,115.0,사용중,0,0,0,49,2017,봄,2,20170418,23600,4,18,2,36,화요일,강남소방서,역삼119안전센터,역삼119안전센터,436,0,서울특별시,강남구,도시,127.0397076,37.5037488,3.0,1.0,0.0,작동기기,기기 전도/복사열,부주의,음식물 조리중,식품,기타(식품),주방기기,가스렌지,,,생활서비스,음식점,한식,1.0,0.0,N,N,N,,,,,,10.6,,1.9,250.0,82.0,,1638.0,역삼1동
170424070717916,건축/구조물,양식(옥),철근콘크리트조,슬라브가,1.0,4.0,1.0,602.0,122.0,사용중,0,1,1,4033,2017,봄,2,20170424,11600,4,24,1,16,월요일,강남소방서,역삼119안전센터,역삼119안전센터,414,2014,서울특별시,강남구,도시,127.0358893,37.5062597,2.0,4.0,0.0,불꽃/ 불티,기타(불꽃/불티),방화의심,방화의심,기타,기타,주방기기,가스렌지,침구/직물류,의류,주거,공동주택,다세대주택,1.0,20.0,N,N,N,,,,,,11.0,,0.4,0.0,42.0,,1926.0,역삼1동
170424071552741,건축/구조물,양식(옥),철근콘크리트조,슬라브가,1.0,6.0,3.0,2859.0,277.0,사용중,0,0,0,119,2017,봄,2,20170424,61200,4,24,6,12,월요일,강남소방서,역삼119안전센터,역삼119안전센터,452,505,서울특별시,강남구,도시,127.0296049,37.4996314,4.0,2.0,0.0,불꽃/ 불티,모닥불/ 연탄/ 숯,부주의,불씨/불꽃/화원방치,합성수지,기타(합성수지),,,,,생활서비스,음식점,한식,1.0,5.0,N,Y,N,,,,,,8.3,,1.6,50.0,55.0,,2000.0,역삼1동
170426174514894,기타(쓰레기 화재등),,,,,,,,,,0,0,0,404,2017,봄,2,20170426,165700,4,26,16,57,수요일,강남소방서,역삼119안전센터,역삼119안전센터,420,100,서울특별시,강남구,도시,127.0394584,37.4944662,4.0,3.0,0.0,담뱃불/ 라이터불,담뱃불,부주의,담배꽁초,종이/목재/건초등,종이,,,,,기타,야외,쓰레기,,,N,N,N,,,,,,19.6,,5.0,270.0,22.0,,2000.0,역삼1동
170502010154442,건축/구조물,양식(옥),철근콘크리트조,슬라브가,1.0,6.0,1.0,1910.0,72.0,사용중,0,0,0,494,2017,봄,2,20170502,1600,5,2,0,16,화요일,강남소방서,역삼119안전센터,역삼119안전센터,332,500,서울특별시,강남구,도시,127.0318435,37.4984712,4.0,1.0,0.0,담뱃불/ 라이터불,담뱃불,부주의,담배꽁초,종이/목재/건초등,종이,,,,,판매/업무시설,일반업무,일반회사,1.0,0.0,N,Y,N,,,,,,17.8,,1.2,290.0,59.0,,676.0,역삼1동
170504140851506,건축/구조물,양식(옥),철근콘크리트조,슬라브가,1.0,5.0,0.0,1501.0,149.0,사용중,0,0,0,39,2017,봄,2,20170504,114600,5,4,11,46,목요일,강남소방서,역삼119안전센터,역삼119안전센터,337,119,서울특별시,강남구,도시,127.0346271,37.4959672,4.0,1.0,0.0,마찰/ 전도/ 복사,화염 전도/복사열,부주의,음식물 조리중,식품,음식물,주방기기,가스렌지,,,주거,공동주택,다세대주택,4.0,0.0,N,N,N,,,,,,25.2,,1.7,320.0,30.0,,1665.0,역삼1동
170505020440127,건축/구조물,양식(옥),철근콘크리트조,슬라브가,1.0,8.0,2.0,1930.0,253.0,사용중,0,0,0,306,2017,봄,2,20170504,204500,5,4,20,45,목요일,강남소방서,역삼119안전센터,역삼119안전센터,302,144,서울특별시,강남구,도시,127.030429,37.4940781,4.0,1.0,0.0,담뱃불/ 라이터불,담뱃불,부주의,담배꽁초,쓰레기류,쓰레기,,,,,판매/업무시설,숙박시설,모텔,2.0,0.0,N,Y,N,,,,,,21.4,,3.7,270.0,49.0,,1790.0,역삼1동
170509174742013,건축/구조물,양식(옥),철근콘크리트조,슬라브가,1.0,17.0,3.0,4999.0,310.0,사용중,0,0,0,3849,2017,봄,2,20170509,155600,5,9,15,56,화요일,강남소방서,역삼119안전센터,역삼119안전센터,404,1700,서울특별시,강남구,도시,127.0484575,37.5047949,2.0,1.0,0.0,담뱃불/ 라이터불,담뱃불,부주의,담배꽁초,쓰레기류,기타 쓰레기,,,,,판매/업무시설,일반업무,일반빌딩,1.0,5.0,N,Y,N,,,,,,21.3,,2.3,70.0,43.0,,951.0,역삼1동
170512235313623,건축/구조물,양식(옥),철근콘크리트조,슬라브가,1.0,2.0,1.0,689.0,223.0,사용중,0,0,0,309,2017,봄,2,20170512,220800,5,12,22,8,금요일,강남소방서,역삼119안전센터,역삼119안전센터,412,500,서울특별시,강남구,도시,127.0332946,37.5047394,4.0,2.0,0.0,작동기기,전기적 아크(단락),전기적 요인,미확인단락,전기/전자,전선피복,조명/ 간판,백열등,,,주거,단독주택,다가구주택(원룸포함),1.0,0.0,N,N,N,,,,,,18.2,,1.3,200.0,70.0,,738.0,역삼1동
170526020654281,건축/구조물,양식(옥),철근콘크리트조,슬라브가,1.0,12.0,5.0,8075.0,546.0,사용중,0,0,0,2380,2017,봄,2,20170525,175600,5,25,17,56,목요일,강남소방서,역삼119안전센터,역삼119안전센터,438,1200,서울특별시,강남구,도시,127.0247119,37.5044471,4.0,1.0,0.0,화학적 발화열,화학반응열,부주의,기타(부주의),식품,튀김유,,,,,생활서비스,일상서비스,기타 일상서비스,-2.0,10.0,N,Y,N,,,,,,22.9,,5.5,270.0,29.0,,2000.0,역삼1동
170526223124669,건축/구조물,양식(옥),철근콘크리트조,슬라브가,1.0,6.0,1.0,839.0,88.0,사용중,0,0,0,337,2017,봄,2,20170526,212900,5,26,21,29,금요일,강남소방서,역삼119안전센터,역삼119안전센터,426,600,서울특별시,강남구,도시,127.0317684,37.495756,5.0,1.0,0.0,담뱃불/ 라이터불,담뱃불,부주의,담배꽁초,종이/목재/건초등,종이,,,,,주거,단독주택,상가주택(주택부분에서 화재가 발생한 경우에만 해당),5.0,0.0,N,N,N,,,,,,18.5,,2.9,200.0,48.0,,2000.0,역삼1동
170614150916884,기타(쓰레기 화재등),,,,,,,,,,0,0,0,13,2017,여름,2,20170614,114900,6,14,11,49,수요일,강남소방서,역삼119안전센터,역삼119안전센터,244,900,서울특별시,강남구,도시,127.0356591,37.5028975,3.0,1.0,0.0,담뱃불/ 라이터불,담뱃불,부주의,담배꽁초,종이/목재/건초등,종이,,,,,기타,야외,쓰레기,,,N,N,N,,,,,,23.7,,2.3,270.0,55.0,,1263.0,역삼1동
170614151551787,건축/구조물,양식(옥),철근콘크리트조,슬라브가,1.0,6.0,1.0,1782.0,273.0,사용중,0,0,0,2415,2017,여름,2,20170614,122900,6,14,12,29,수요일,강남소방서,역삼119안전센터,역삼119안전센터,421,532,서울특별시,강남구,도시,127.0369481,37.4977019,4.0,1.0,0.0,담뱃불/ 라이터불,담뱃불,부주의,담배꽁초,쓰레기류,쓰레기,,,종이/목재/건초등,종이,판매/업무시설,일반업무,일반회사,1.0,10.0,N,N,N,,,,,,24.6,,3.1,270.0,50.0,,1669.0,역삼1동
170619175239383,건축/구조물,양식(옥),철근콘크리트조,슬라브가,1.0,10.0,1.0,1999.0,200.0,사용중,0,0,0,270,2017,여름,2,20170619,151500,6,19,15,15,월요일,강남소방서,역삼119안전센터,역삼119안전센터,648,5700,서울특별시,강남구,도시,127.0306133,37.4947083,4.0,1.0,0.0,담뱃불/ 라이터불,담뱃불,부주의,담배꽁초,합성수지,플라스틱/ PVC/ 비닐/ 장판,,,,,판매/업무시설,일반업무,일반빌딩,5.0,0.0,N,Y,N,,,,,,29.6,,3.0,290.0,33.0,,1745.0,역삼1동
170622050601730,건축/구조물,양식(옥),철근콘크리트조,슬라브가,1.0,12.0,4.0,24533.0,1439.0,사용중,0,0,0,23,2017,여름,2,20170622,35300,6,22,3,53,목요일,강남소방서,역삼119안전센터,역삼119안전센터,436,1422,서울특별시,강남구,도시,127.035062,37.4985461,3.0,1.0,0.0,마찰/ 전도/ 복사,화염 전도/복사열,부주의,음식물 조리중,식품,음식물,주방기기,가스렌지,,,판매/업무시설,일반업무,오피스텔,4.0,0.0,N,Y,N,,,,,,21.3,,2.0,290.0,79.0,,685.0,역삼1동
170626003143298,건축/구조물,양식(옥),철근콘크리트조,슬라브가,1.0,3.0,1.0,1497.0,374.0,사용중,0,0,0,2993,2017,여름,2,20170625,224700,6,25,22,47,일요일,강남소방서,역삼119안전센터,역삼119안전센터,207,2555,서울특별시,강남구,도시,127.0394884,37.4947938,4.0,1.0,0.0,불꽃/ 불티,모닥불/ 연탄/ 숯,부주의,가연물 근접방치,기타,기타,기타,기타,기타,기타,생활서비스,음식점,한식,1.0,30.0,N,Y,N,,,,,,21.8,,2.1,70.0,85.0,,1119.0,역삼1동
170628073547757,건축/구조물,양식(옥),벽돌조,와가,1.0,2.0,1.0,275.0,92.0,사용중,0,0,0,29,2017,여름,2,20170628,64700,6,28,6,47,수요일,강남소방서,역삼119안전센터,역삼119안전센터,445,0,서울특별시,강남구,도시,127.0318212,37.4948235,4.0,1.0,0.0,작동기기,기기 전도/복사열,부주의,음식물 조리중,식품,음식물,주방기기,가스렌지,,,주거,공동주택,연립주택,1.0,0.0,N,N,N,,,,,,22.5,,1.3,200.0,81.0,,358.0,역삼1동
170702023117962,건축/구조물,양식(옥),철근콘크리트조,슬라브가,1.0,2.0,1.0,479.0,225.0,사용중,0,0,0,80,2017,여름,3,20170702,10400,7,2,1,4,일요일,강남소방서,역삼119안전센터,역삼119안전센터,458,900,서울특별시,강남구,도시,127.0274817,37.5036901,5.0,2.0,0.0,담뱃불/ 라이터불,담뱃불,부주의,담배꽁초,쓰레기류,쓰레기,,,,,생활서비스,음식점,커피숍/다방/카페,1.0,2.0,N,N,N,,,,,,24.2,0.5,1.9,270.0,89.0,,343.0,역삼1동
170707223200351,건축/구조물,양식(옥),철근콘크리트조,슬라브가,1.0,5.0,0.0,675.0,155.0,사용중,0,0,0,34,2017,여름,3,20170707,213700,7,7,21,37,금요일,강남소방서,역삼119안전센터,역삼119안전센터,321,1300,서울특별시,강남구,도시,127.0389002,37.505522,3.0,2.0,0.0,마찰/ 전도/ 복사,화염 전도/복사열,부주의,빨래삶기,침구/직물류,행주/ 기름걸레,,,,,주거,단독주택,다가구주택(원룸포함),3.0,0.0,N,N,N,,,,,,25.6,2.0,2.7,230.0,90.0,,610.0,역삼1동
170711003249535,건축/구조물,양식(옥),철근콘크리트조,슬라브가,1.0,5.0,1.0,628.0,105.0,사용중,0,0,0,389,2017,여름,3,20170710,221300,7,10,22,13,월요일,강남소방서,역삼119안전센터,역삼119안전센터,445,0,서울특별시,강남구,도시,127.035906,37.4939518,4.0,1.0,0.0,작동기기,기기 전도/복사열,부주의,가연물 근접방치,합성수지,플라스틱/ PVC/ 비닐/ 장판,주방기기,토스터기,,,생활서비스,일상서비스,고시원업,3.0,11.0,Y,N,Y,,,,,,22.7,2.5,0.5,270.0,99.0,,537.0,역삼1동
170713180855011,자동차/철도차량,,,,,,,,,,0,0,0,105,2017,여름,3,20170713,163200,7,13,16,32,목요일,강남소방서,역삼119안전센터,역삼119안전센터,227,30,서울특별시,강남구,도시,127.0320696,37.4897171,5.0,2.0,0.0,기타(발화원인),기타,기계적 요인,오일/연료누설,자동차/철도차량/선박/항공기,오일류,,,,,자동차/철도차량,자동차,승용자동차,,,N,N,N,,일반도로,엔진룸,,,31.7,,3.0,270.0,54.0,,602.0,역삼1동
170718021028035,건축/구조물,양식(옥),철근콘크리트조,슬라브가,1.0,9.0,3.0,6088.0,620.0,사용중,0,0,0,1901,2017,여름,3,20170717,211400,7,17,21,14,월요일,강남소방서,역삼119안전센터,역삼119안전센터,331,2100,서울특별시,강남구,도시,127.0337196,37.4971446,5.0,1.0,0.0,마찰/ 전도/ 복사,화염 전도/복사열,부주의,기타(부주의),종이/목재/건초등,기타(종이/목재/건초등),주방기기,핫플래이트,종이/목재/건초등,기타(종이/목재/건초등),주거,공동주택,주상복합아파트,4.0,20.0,N,Y,N,,,,,,25.9,,1.4,270.0,74.0,,1942.0,역삼1동
170725173248558,기타(쓰레기 화재등),,,,,,,,,,0,0,0,78,2017,여름,3,20170725,150100,7,25,15,1,화요일,강남소방서,역삼119안전센터,역삼119안전센터,314,0,서울특별시,강남구,도시,127.032717,37.4963411,4.0,1.0,0.0,담뱃불/ 라이터불,담뱃불,부주의,담배꽁초,쓰레기류,쓰레기,,,,,기타,야외,쓰레기,,,N,N,N,,,,,,34.4,,2.1,90.0,46.0,,2000.0,역삼1동
170730134932805,건축/구조물,양식(옥),철근콘크리트조,슬라브가,1.0,18.0,4.0,24515.0,982.0,사용중,0,0,0,27078,2017,여름,3,20170730,111800,7,30,11,18,일요일,강남소방서,역삼119안전센터,역삼119안전센터,334,2800,서울특별시,강남구,도시,127.0306724,37.4927585,4.0,2.0,0.0,작동기기,전기적 아크(단락),전기적 요인,미확인단락,전기/전자,전선피복,,,,,판매/업무시설,일반업무,일반회사,3.0,60.0,Y,Y,N,,,,,,28.7,,3.2,230.0,60.0,,1467.0,역삼1동
170731233636295,건축/구조물,양식(옥),철근콘크리트조,슬라브가,1.0,5.0,1.0,1127.0,182.0,사용중,0,0,0,4109,2017,여름,3,20170731,173600,7,31,17,36,월요일,강남소방서,역삼119안전센터,역삼119안전센터,456,1100,서울특별시,강남구,도시,127.0268626,37.5025048,4.0,2.0,0.0,불꽃/ 불티,굴뚝(연통) 아궁이,부주의,가연물 근접방치,기타,기타,계절용 기기,환풍기/송풍기/공조기,기타,기타,생활서비스,음식점,양식,-1.0,10.0,Y,Y,Y,,,,,,25.9,0.0,1.1,160.0,84.0,,2000.0,역삼1동
170801011848847,건축/구조물,양식(옥),벽돌조,슬라브가,1.0,2.0,1.0,243.0,128.0,사용중,0,0,0,31,2017,여름,3,20170731,203600,7,31,20,36,월요일,강남소방서,역삼119안전센터,역삼119안전센터,425,0,서울특별시,강남구,도시,127.044806,37.5074415,2.0,2.0,0.0,작동기기,기기 전도/복사열,부주의,음식물 조리중,식품,음식물,주방기기,가스렌지,,,주거,단독주택,단독주택,2.0,0.0,N,N,N,,,,,,25.5,,1.8,70.0,81.0,,2000.0,역삼1동
170803094208285,건축/구조물,양식(옥),철근콘크리트조,슬라브가,1.0,18.0,7.0,21432.0,769.0,사용중,0,0,0,42,2017,여름,3,20170803,81600,8,3,8,16,목요일,강남소방서,역삼119안전센터,역삼119안전센터,440,27,서울특별시,강남구,도시,127.0428449,37.5034232,3.0,1.0,0.0,작동기기,기기 전도/복사열,부주의,가연물 근접방치,전기/전자,전기/ 전자기기 케이스,주방기기,핫플래이트,,,판매/업무시설,숙박시설,기타 숙박시설,8.0,0.0,N,Y,N,,,,,,27.4,,2.7,140.0,76.0,,1173.0,역삼1동
170811012820933,건축/구조물,양식(옥),철근콘크리트조,슬라브가,1.0,5.0,1.0,637.0,131.0,사용중,0,0,0,18,2017,여름,3,20170810,232300,8,10,23,23,목요일,강남소방서,역삼119안전센터,역삼119안전센터,257,100,서울특별시,강남구,도시,127.034006,37.4956921,4.0,1.0,0.0,작동기기,기기 전도/복사열,부주의,음식물 조리중,식품,음식물,주방기기,가스렌지,,,주거,공동주택,다세대주택,1.0,0.0,N,N,N,,,,,,24.2,0.0,2.8,70.0,89.0,,2000.0,역삼1동
170817125224176,자동차/철도차량,,,,,,,,,,0,1,1,1301,2017,여름,3,20170817,114000,8,17,11,40,목요일,강남소방서,역삼119안전센터,역삼119안전센터,245,0,서울특별시,강남구,도시,127.0419368,37.5025934,4.0,1.0,0.0,미상(발화원인),미상,미상,미상,전기/전자,기타(전기/전자),차량/ 선박부품,배선,,,자동차/철도차량,자동차,화물자동차,,,N,N,N,,일반도로,기타차량위치,,,25.2,,1.4,90.0,72.0,,2000.0,역삼1동
170823182747163,건축/구조물,양식(옥),철근콘크리트조,슬라브가,1.0,4.0,1.0,2505.0,503.0,사용중,0,0,0,121,2017,여름,3,20170823,170400,8,23,17,4,수요일,강남소방서,역삼119안전센터,역삼119안전센터,331,900,서울특별시,강남구,도시,127.0353645,37.5074155,4.0,1.0,0.0,작동기기,전기적 아크(단락),전기적 요인,절연열화에 의한 단락,전기/전자,전선피복,,,,,판매/업무시설,일반업무,일반빌딩,4.0,0.0,N,Y,N,,,,,,29.5,,5.6,230.0,76.0,,1992.0,역삼1동
170908161309957,기타(쓰레기 화재등),,,,,,,,,,0,0,0,223,2017,가을,3,20170908,124600,9,8,12,46,금요일,강남소방서,역삼119안전센터,역삼119안전센터,225,0,서울특별시,강남구,도시,127.0285487,37.4986074,4.0,2.0,0.0,미상(발화원인),미상,미상,미상,쓰레기류,쓰레기,,,,,기타,야외,쓰레기,,,N,N,N,,,,,,26.9,,3.0,340.0,47.0,,1393.0,역삼1동
170910161039061,건축/구조물,양식(옥),철근콘크리트조,슬라브가,1.0,4.0,1.0,698.0,158.0,사용중,0,0,0,1832,2017,가을,3,20170910,141600,9,10,14,16,일요일,강남소방서,역삼119안전센터,역삼119안전센터,435,900,서울특별시,강남구,도시,127.0390209,37.5050062,3.0,1.0,0.0,기타(발화원인),기타,방화,방화,종이/목재/건초등,종이,,,침구/직물류,이불(베개/시트),주거,공동주택,다세대주택,1.0,5.0,N,N,N,,,,,,25.4,,1.8,90.0,65.0,,570.0,역삼1동
170914092047956,건축/구조물,양식(옥),철근콘크리트조,슬라브가,1.0,5.0,0.0,556.0,167.0,사용중,0,0,0,31,2017,가을,3,20170914,82200,9,14,8,22,목요일,강남소방서,역삼119안전센터,역삼119안전센터,313,0,서울특별시,강남구,도시,127.0348879,37.4939165,4.0,1.0,0.0,작동기기,기기 전도/복사열,부주의,음식물 조리중,식품,음식물,주방기기,가스렌지,,,주거,공동주택,다세대주택,3.0,0.0,N,N,N,,,,,,17.4,,1.2,70.0,57.0,,1967.0,역삼1동
170930042907149,건축/구조물,양식(옥),철근콘크리트조,슬라브가,1.0,9.0,3.0,8593.0,548.0,사용중,0,0,0,22,2017,가을,3,20170930,30800,9,30,3,8,토요일,강남소방서,역삼119안전센터,역삼119안전센터,310,2400,서울특별시,강남구,도시,127.0325483,37.4953318,4.0,2.0,0.0,작동기기,불꽃/ 스파크/ 정전기,전기적 요인,접촉불량에 의한 단락,합성수지,플라스틱/ PVC/ 비닐/ 장판,생활기기,세탁기,,,판매/업무시설,일반업무,오피스텔,4.0,0.0,N,Y,N,,,,,,16.5,,1.2,200.0,62.0,,2000.0,역삼1동
171003092747244,건축/구조물,양식(옥),철근콘크리트조,슬라브가,1.0,2.0,1.0,562.0,181.0,사용중,0,0,0,53,2017,가을,4,20171003,80600,10,3,8,6,화요일,강남소방서,역삼119안전센터,역삼119안전센터,405,0,서울특별시,강남구,도시,127.0284105,37.503438,5.0,3.0,0.0,화학적 발화열,화학반응열,화학적 요인,자연발화,침구/직물류,행주/ 기름걸레,,,,,생활서비스,음식점,양식,-1.0,1.0,N,N,Y,,,,,,14.1,,2.3,290.0,48.0,,2000.0,역삼1동
171005165520969,건축/구조물,양식(옥),철근콘크리트조,슬라브가,1.0,3.0,1.0,611.0,219.0,사용중,0,0,0,23,2017,가을,4,20171005,125200,10,5,12,52,목요일,강남소방서,역삼119안전센터,역삼119안전센터,103,100,서울특별시,강남구,도시,127.0377387,37.4960809,4.0,1.0,0.0,마찰/ 전도/ 복사,화염 전도/복사열,부주의,음식물 조리중,식품,음식물,,,,,주거,단독주택,다가구주택(원룸포함),1.0,0.0,N,N,N,,,,,,22.5,,3.0,110.0,46.0,,2000.0,역삼1동
171005214601334,건축/구조물,양식(옥),철근콘크리트조,슬라브가,1.0,5.0,1.0,1995.0,355.0,사용중,0,0,0,45,2017,가을,4,20171005,204200,10,5,20,42,목요일,강남소방서,역삼119안전센터,역삼119안전센터,226,0,서울특별시,강남구,도시,127.03083,37.4939309,5.0,1.0,0.0,담뱃불/ 라이터불,담뱃불,부주의,담배꽁초,종이/목재/건초등,기타(종이/목재/건초등),,,,,생활서비스,음식점,한식,1.0,0.0,N,Y,N,,,,,,19.7,,0.3,0.0,59.0,,2000.0,역삼1동
171008185957600,건축/구조물,양식(옥),철근콘크리트조,슬라브가,,3.0,1.0,420.0,113.0,사용중,0,0,0,133,2017,가을,4,20171008,174700,10,8,17,47,일요일,강남소방서,역삼119안전센터,역삼119안전센터,330,100,서울특별시,강남구,도시,127.0424815,37.5078881,3.0,2.0,0.0,불꽃/ 불티,기타(불꽃/불티),부주의,불씨/불꽃/화원방치,종이/목재/건초등,기타(종이/목재/건초등),,,,,주거,공동주택,다세대주택,-1.0,0.0,N,N,N,,,,,,26.0,,2.8,270.0,53.0,,2000.0,역삼1동
171011052907322,건축/구조물,양식(옥),철근콘크리트조,슬라브가,1.0,3.0,1.0,499.0,137.0,사용중,0,0,0,50,2017,가을,4,20171011,40800,10,11,4,8,수요일,강남소방서,역삼119안전센터,역삼119안전센터,332,0,서울특별시,강남구,도시,127.0355156,37.4969429,4.0,1.0,0.0,작동기기,기기 전도/복사열,부주의,음식물 조리중,식품,음식물,주방기기,가스렌지,,,주거,단독주택,다가구주택(원룸포함),2.0,0.0,N,N,N,,,,,,17.2,1.0,3.2,320.0,92.0,,469.0,역삼1동
171102214300932,기타(쓰레기 화재등),,,,,,,,,,0,0,0,216,2017,가을,4,20171102,202500,11,2,20,25,목요일,강남소방서,역삼119안전센터,역삼119안전센터,435,1200,서울특별시,강남구,도시,127.044069,37.507775,2.0,2.0,0.0,담뱃불/ 라이터불,담뱃불,부주의,담배꽁초,종이/목재/건초등,풀/ 나뭇잎,,,,,기타,야외,기타야외,,,N,N,N,,,,,,15.9,,1.8,290.0,80.0,,592.0,역삼1동
171108211155193,기타(쓰레기 화재등),,,,,,,,,,0,0,0,49,2017,가을,4,20171108,201600,11,8,20,16,수요일,강남소방서,역삼119안전센터,역삼119안전센터,412,300,서울특별시,강남구,도시,127.0352215,37.4966416,4.0,1.0,0.0,담뱃불/ 라이터불,담뱃불,부주의,담배꽁초,쓰레기류,쓰레기,,,,,기타,야외,쓰레기,,,N,N,N,,,,,,9.7,,4.8,290.0,39.0,,2000.0,역삼1동
171109234538646,건축/구조물,양식(옥),철근콘크리트조,슬라브가,1.0,4.0,1.0,998.0,212.0,사용중,0,0,0,288,2017,가을,4,20171109,204300,11,9,20,43,목요일,강남소방서,역삼119안전센터,역삼119안전센터,408,100,서울특별시,강남구,도시,127.0325812,37.498523,4.0,2.0,0.0,담뱃불/ 라이터불,담뱃불,부주의,담배꽁초,쓰레기류,쓰레기,,,,,판매/업무시설,일반업무,일반빌딩,1.0,0.0,N,N,N,,,,,,10.7,,0.1,0.0,35.0,,1494.0,역삼1동
171113045055843,건축/구조물,양식(옥),철근콘크리트조,슬라브가,1.0,3.0,1.0,657.0,167.0,사용중,0,0,0,63,2017,가을,4,20171113,40600,11,13,4,6,월요일,강남소방서,역삼119안전센터,역삼119안전센터,321,200,서울특별시,강남구,도시,127.0393614,37.5062904,4.0,2.0,0.0,담뱃불/ 라이터불,담뱃불,부주의,담배꽁초,종이/목재/건초등,종이,,,,,주거,단독주택,다가구주택(원룸포함),-1.0,1.0,N,N,N,,,,,,3.3,,1.2,50.0,73.0,,1440.0,역삼1동
171116134056532,건축/구조물,양식(옥),철근콘크리트조,슬라브가,,5.0,1.0,954.0,271.0,사용중,0,0,0,33,2017,가을,4,20171116,122200,11,16,12,22,목요일,강남소방서,역삼119안전센터,역삼119안전센터,411,200,서울특별시,강남구,도시,127.043687,37.5089466,2.0,2.0,0.0,담뱃불/ 라이터불,담뱃불,부주의,담배꽁초,종이/목재/건초등,풀/ 나뭇잎,,,,,판매/업무시설,일반업무,일반빌딩,1.0,0.0,N,Y,N,,,,,,3.7,,1.9,320.0,20.0,,2000.0,역삼1동
171118045934366,기타(쓰레기 화재등),,,,,,,,,,0,0,0,17,2017,가을,4,20171118,30200,11,18,3,2,토요일,강남소방서,역삼119안전센터,역삼119안전센터,519,55,서울특별시,강남구,도시,127.0253297,37.5037414,4.0,2.0,0.0,담뱃불/ 라이터불,담뱃불,부주의,담배꽁초,침구/직물류,부직포,,,,,기타,도로,기타도로,,,N,N,N,,,,,,0.1,,3.7,290.0,62.0,,538.0,역삼1동
171118133036257,기타(쓰레기 화재등),,,,,,,,,,0,0,0,140,2017,가을,4,20171118,93500,11,18,9,35,토요일,강남소방서,역삼119안전센터,역삼119안전센터,427,100,서울특별시,강남구,도시,127.03394,37.5010288,3.0,2.0,0.0,작동기기,기기 전도/복사열,부주의,기타(부주의),합성수지,플라스틱/ PVC/ 비닐/ 장판,,,,,기타,야외,기타야외,,,N,N,N,,,,,,-3.4,,3.2,290.0,41.0,,1922.0,역삼1동
171121044253268,건축/구조물,양식(옥),철근콘크리트조,슬라브가,1.0,3.0,1.0,949.0,333.0,사용중,0,0,0,491,2017,가을,4,20171121,20200,11,21,2,2,화요일,강남소방서,역삼119안전센터,역삼119안전센터,505,1610,서울특별시,강남구,도시,127.03208,37.4978756,4.0,1.0,0.0,불꽃/ 불티,모닥불/ 연탄/ 숯,부주의,불씨/불꽃/화원방치,종이/목재/건초등,목재/ 합판,,,,,생활서비스,음식점,한식,2.0,5.0,N,Y,Y,,,,,,-2.9,,0.8,20.0,74.0,,1258.0,역삼1동
171207084528170,건축/구조물,양식(옥),철근콘크리트조,슬라브가,1.0,5.0,0.0,501.0,149.0,사용중,0,0,0,23,2017,겨울,4,20171207,62100,12,7,6,21,목요일,강남소방서,역삼119안전센터,역삼119안전센터,514,1334,서울특별시,강남구,도시,127.0347394,37.4961199,4.0,1.0,0.0,작동기기,기기 전도/복사열,부주의,음식물 조리중,기타,기타,,,,,주거,공동주택,다세대주택,2.0,0.0,N,N,N,,,,,,1.0,,0.5,360.0,93.0,0.9,148.0,역삼1동
171207084339637,건축/구조물,양식(옥),철근콘크리트조,슬라브가,1.0,9.0,3.0,6089.0,621.0,사용중,0,0,0,18,2017,겨울,4,20171207,71300,12,7,7,13,목요일,강남소방서,역삼119안전센터,역삼119안전센터,313,0,서울특별시,강남구,도시,127.0336439,37.4972073,4.0,1.0,0.0,작동기기,기기 전도/복사열,부주의,가연물 근접방치,종이/목재/건초등,풀/ 나뭇잎,주방기기,핫플래이트,,,주거,공동주택,기타 공동주택,4.0,0.0,N,Y,N,,,,,,0.3,,0.5,20.0,93.0,0.9,173.0,역삼1동
171208201157068,기타(쓰레기 화재등),,,,,,,,,,0,0,0,0,2017,겨울,4,20171208,184100,12,8,18,41,금요일,강남소방서,역삼119안전센터,역삼119안전센터,337,112,서울특별시,강남구,도시,127.0349041,37.4946532,4.0,1.0,0.0,담뱃불/ 라이터불,담뱃불,부주의,담배꽁초,쓰레기류,쓰레기,,,,,기타,야외,쓰레기,,,N,N,N,,,,,,-3.1,,1.2,320.0,33.0,,2000.0,역삼1동
171212065551066,건축/구조물,양식(옥),철근콘크리트조,슬라브가,1.0,5.0,0.0,657.0,175.0,사용중,0,0,0,11,2017,겨울,4,20171212,54800,12,12,5,48,화요일,강남소방서,역삼119안전센터,역삼119안전센터,430,100,서울특별시,강남구,도시,127.0346067,37.4968817,4.0,1.0,0.0,담뱃불/ 라이터불,담뱃불,부주의,담배꽁초,침구/직물류,기타(침구/직물류),,,,,주거,공동주택,다세대주택,4.0,0.0,N,N,N,,,,,,-11.6,,2.8,320.0,45.0,,1951.0,역삼1동
171216012715955,기타(쓰레기 화재등),,,,,,,,,,0,0,0,90,2017,겨울,4,20171215,221700,12,15,22,17,금요일,강남소방서,역삼119안전센터,역삼119안전센터,459,200,서울특별시,강남구,도시,127.0253906,37.5045036,4.0,1.0,0.0,담뱃불/ 라이터불,담뱃불,부주의,담배꽁초,쓰레기류,기타 쓰레기,,,,,기타,야외,쓰레기,,,N,N,N,,,,,,-0.1,,2.0,290.0,49.0,,870.0,역삼1동
171217005815628,건축/구조물,양식(옥),철근콘크리트조,슬라브가,1.0,12.0,4.0,24533.0,1439.0,사용중,0,0,0,111,2017,겨울,4,20171216,224000,12,16,22,40,토요일,강남소방서,역삼119안전센터,역삼119안전센터,228,400,서울특별시,강남구,도시,127.035062,37.4985461,3.0,1.0,0.0,작동기기,전기적 아크(단락),전기적 요인,접촉불량에 의한 단락,전기/전자,전선피복,생활기기,세탁기,,,판매/업무시설,일반업무,오피스텔,5.0,0.0,N,Y,N,,,,,,-7.6,,1.6,290.0,41.0,,2000.0,역삼1동
171218083015355,건축/구조물,양식(옥),철골철근콘크리트조,슬라브가,1.0,15.0,3.0,13853.0,769.0,증축,0,0,0,1810,2017,겨울,4,20171217,110100,12,17,11,1,일요일,강남소방서,역삼119안전센터,역삼119안전센터,402,2000,서울특별시,강남구,도시,127.0310899,37.4997696,4.0,1.0,0.0,불꽃/ 불티,용접/ 절단/ 연마,부주의,용접/ 절단/ 연마,간판/차양막등,기타(간판/차양막등),산업장비,용접절단기(토치),간판/차양막등,기타(간판/차양막등),판매/업무시설,일반업무,오피스텔,11.0,20.0,N,N,N,,,,,,-7.2,,1.8,320.0,29.0,,1926.0,역삼1동
171221132139393,건축/구조물,양식(옥),철근콘크리트조,슬라브가,1.0,2.0,1.0,495.0,174.0,사용중,0,0,0,601,2017,겨울,4,20171221,121200,12,21,12,12,목요일,강남소방서,역삼119안전센터,역삼119안전센터,323,0,서울특별시,강남구,도시,127.0338762,37.503353,3.0,1.0,0.0,작동기기,전기적 아크(단락),전기적 요인,접촉불량에 의한 단락,전기/전자,전선피복,,,,,판매/업무시설,일반업무,일반회사,1.0,1.0,N,N,N,,,,,,1.9,,2.0,180.0,40.0,1.9,1835.0,역삼1동
171225141419326,건축/구조물,양식(옥),철근콘크리트조,슬라브가,1.0,6.0,1.0,1881.0,367.0,사용중,0,0,0,45,2017,겨울,4,20171225,123400,12,25,12,34,월요일,강남소방서,역삼119안전센터,역삼119안전센터,312,0,서울특별시,강남구,도시,127.0314568,37.4956795,4.0,1.0,0.0,담뱃불/ 라이터불,담뱃불,부주의,담배꽁초,쓰레기류,쓰레기,,,,,판매/업무시설,일반업무,일반빌딩,1.0,0.0,N,Y,N,,,,,,-1.6,,2.5,290.0,33.0,,1874.0,역삼1동
171226055215161,건축/구조물,양식(옥),철근콘크리트조,슬라브가,1.0,16.0,6.0,14860.0,643.0,사용중,0,0,0,51,2017,겨울,4,20171226,50400,12,26,5,4,화요일,강남소방서,역삼119안전센터,역삼119안전센터,351,300,서울특별시,강남구,도시,127.0400175,37.5066377,3.0,1.0,0.0,마찰/ 전도/ 복사,화염 전도/복사열,기계적 요인,오일/연료누설,가연성가스,기타(가연성가스),계절용 기기,석유난로/곤로,,,판매/업무시설,숙박시설,호텔,1.0,0.0,N,Y,N,,,,,,-2.9,,0.8,290.0,77.0,,1833.0,역삼1동
180112143854243,기타(쓰레기 화재등),,,,,,,,,,0,0,0,0,2018,겨울,1,20180112,90400,1,12,9,4,금요일,강남소방서,역삼119안전센터,역삼119안전센터,355,300,서울특별시,강남구,도시,127.0417204,37.5090137,4.0,3.0,0.0,담뱃불/ 라이터불,라이터불/ 성냥불,부주의,담배꽁초,쓰레기류,쓰레기,,,,,기타,야외,쓰레기,,,N,N,N,,,,,,-14.9,,1.2,340.0,40.0,,1999.0,역삼1동
180114215340103,건축/구조물,양식(옥),철근콘크리트조,슬라브가,1.0,6.0,1.0,1529.0,237.0,사용중,0,0,0,400,2018,겨울,1,20180114,204100,1,14,20,41,일요일,강남소방서,역삼119안전센터,역삼119안전센터,319,400,서울특별시,강남구,도시,127.039789,37.5061435,2.0,2.0,0.0,작동기기,불꽃/ 스파크/ 정전기,전기적 요인,누전/지락,전기/전자,전선피복,,,,,생활서비스,일상서비스,고시원업,4.0,0.0,N,Y,Y,,,,,,3.5,,1.0,110.0,55.0,,1100.0,역삼1동
180115152147399,건축/구조물,양식(옥),철근콘크리트조,슬라브가,1.0,6.0,1.0,720.0,130.0,사용중,0,0,0,64,2018,겨울,1,20180115,125200,1,15,12,52,월요일,강남소방서,역삼119안전센터,역삼119안전센터,319,300,서울특별시,강남구,도시,127.0437857,37.5049071,3.0,1.0,0.0,작동기기,전기적 아크(단락),전기적 요인,트래킹에 의한 단락,전기/전자,콘센트/ 스위치류,,,,,생활서비스,음식점,기타 음식점,1.0,0.0,N,N,N,,,,,,6.2,,1.9,290.0,64.0,,549.0,역삼1동
180116180002237,건축/구조물,양식(옥),철근콘크리트조,슬라브가,1.0,18.0,6.0,19904.0,1393.0,사용중,0,0,0,130,2018,겨울,1,20180116,104600,1,16,10,46,화요일,강남소방서,역삼119안전센터,역삼119안전센터,401,30,서울특별시,강남구,도시,127.0310482,37.4918533,4.0,2.0,0.0,작동기기,전기적 아크(단락),전기적 요인,과부하/과전류,전기/전자,전선피복,,,,,판매/업무시설,일반업무,오피스텔,1.0,0.0,N,Y,N,,,,,,2.7,,0.5,70.0,60.0,,392.0,역삼1동
180116181418868,건축/구조물,양식(옥),철근콘크리트조,슬라브가,1.0,3.0,1.0,520.0,140.0,사용중,0,0,0,427,2018,겨울,1,20180116,162600,1,16,16,26,화요일,강남소방서,역삼119안전센터,역삼119안전센터,956,300,서울특별시,강남구,도시,127.0461039,37.5055834,4.0,2.0,0.0,작동기기,전기적 아크(단락),전기적 요인,기타(전기적요인),전기/전자,콘센트/ 스위치류,배선/배선기구,콘센트,,,주거,단독주택,다가구주택(원룸포함),3.0,5.0,N,N,N,,,,,,5.8,,0.9,20.0,50.0,,547.0,역삼1동
180121111406723,건축/구조물,양식(옥),철근콘크리트조,슬라브가,1.0,5.0,1.0,1185.0,195.0,사용중,0,0,0,447,2018,겨울,1,20180121,95200,1,21,9,52,일요일,강남소방서,역삼119안전센터,역삼119안전센터,400,100,서울특별시,강남구,도시,127.0471263,37.5049512,2.0,2.0,0.0,작동기기,기기 전도/복사열,기계적 요인,과열/ 과부하,합성수지,플라스틱/ PVC/ 비닐/ 장판,생활기기,어항용 펌프모터/보온장치,,,생활서비스,음식점,횟집,1.0,0.0,N,Y,N,,,,,,-3.2,,0.8,20.0,46.0,,1091.0,역삼1동
180123085320106,건축/구조물,양식(옥),철근콘크리트조,슬라브가,1.0,11.0,2.0,3164.0,259.0,사용중,0,0,0,2534,2018,겨울,1,20180123,24900,1,23,2,49,화요일,강남소방서,역삼119안전센터,역삼119안전센터,423,700,서울특별시,강남구,도시,127.0323034,37.5065515,5.0,3.0,0.0,작동기기,전기적 아크(단락),전기적 요인,미확인단락,전기/전자,전선피복,배선/배선기구,전력공급용 전선,전기/전자,전선피복,판매/업무시설,숙박시설,호텔,10.0,10.0,N,Y,N,,,,,,-7.5,,3.9,290.0,65.0,1.0,2000.0,역삼1동
180125112054703,건축/구조물,양식(옥),철근콘크리트조,슬라브가,1.0,3.0,1.0,1038.0,259.0,사용중,0,0,0,81,2018,겨울,1,20180125,101500,1,25,10,15,목요일,강남소방서,역삼119안전센터,역삼119안전센터,305,1700,서울특별시,강남구,도시,127.040651,37.504695,3.0,1.0,0.0,작동기기,기기 전도/복사열,부주의,음식물 조리중,식품,음식물,,,,,주거,공동주택,연립주택,3.0,0.0,N,N,N,,,,,,-15.3,,2.4,290.0,33.0,0.6,2000.0,역삼1동
180126055344299,건축/구조물,양식(옥),철근콘크리트조,슬라브가,1.0,6.0,1.0,2031.0,329.0,사용중,0,0,0,7974,2018,겨울,1,20180126,14100,1,26,1,41,금요일,강남소방서,역삼119안전센터,역삼119안전센터,300,1200,서울특별시,강남구,도시,127.0305642,37.4944473,5.0,2.0,0.0,작동기기,전기적 아크(단락),전기적 요인,접촉불량에 의한 단락,전기/전자,전선피복,계절용 기기,에어컨,종이/목재/건초등,목재/ 합판,생활서비스,음식점,중식,2.0,120.0,N,Y,Y,,,,,,-15.3,,1.7,320.0,34.0,0.5,2000.0,역삼1동
180129172036658,건축/구조물,양식(옥),철근콘크리트조,슬라브가,1.0,8.0,1.0,1999.0,294.0,사용중,0,0,0,150,2018,겨울,1,20180129,151300,1,29,15,13,월요일,강남소방서,역삼119안전센터,역삼119안전센터,500,0,서울특별시,강남구,도시,127.0299303,37.4994448,4.0,4.0,0.0,작동기기,전기적 아크(단락),전기적 요인,접촉불량에 의한 단락,전기/전자,전선피복,계절용 기기,냉난방기,,,판매/업무시설,일반업무,일반회사,8.0,0.0,N,N,N,,,,,,-5.2,,4.5,290.0,27.0,,1927.0,역삼1동
180131100013792,건축/구조물,양식(옥),철골조,샌드위치패널,1.0,2.0,1.0,1018.0,447.0,사용중,0,0,0,159,2018,겨울,1,20180131,85100,1,31,8,51,수요일,강남소방서,역삼119안전센터,역삼119안전센터,300,100,서울특별시,강남구,도시,127.0296529,37.4965606,4.0,2.0,0.0,작동기기,기기 전도/복사열,기계적 요인,과열/ 과부하,전기/전자,전기/ 전자기기 케이스,생활기기,어항용 펌프모터/보온장치,,,생활서비스,음식점,횟집,1.0,0.0,N,Y,N,,,,,,-3.6,,1.7,320.0,83.0,3.5,915.0,역삼1동
180213130224839,기타(쓰레기 화재등),,,,,,,,,,0,0,0,240,2018,겨울,1,20180213,114300,2,13,11,43,화요일,강남소방서,역삼119안전센터,역삼119안전센터,354,400,서울특별시,강남구,도시,127.0338238,37.5051114,4.0,2.0,0.0,작동기기,전기적 아크(단락),전기적 요인,과부하/과전류,전기/전자,전선피복,기타,기타,,,기타,야외,기타야외,,,N,N,N,,,,,,-0.3,,3.4,200.0,40.0,,1728.0,역삼1동
180213175638067,건축/구조물,한식(옥),벽돌조,와가,1.0,2.0,1.0,447.0,149.0,사용중,0,0,0,151,2018,겨울,1,20180213,154800,2,13,15,48,화요일,강남소방서,역삼119안전센터,역삼119안전센터,457,300,서울특별시,강남구,도시,127.0283165,37.503842,4.0,2.0,0.0,작동기기,기기 전도/복사열,부주의,가연물 근접방치,종이/목재/건초등,풀/ 나뭇잎,조명/ 간판,기타(조명/간판),,,생활서비스,일상서비스,이미용실,2.0,0.0,N,N,N,,,,,,3.7,,5.3,250.0,40.0,,1950.0,역삼1동
180221180507436,건축/구조물,양식(옥),철근콘크리트조,슬라브가,1.0,6.0,3.0,2354.0,250.0,사용중,0,0,0,90,2018,겨울,1,20180221,170000,2,21,17,0,수요일,강남소방서,역삼119안전센터,역삼119안전센터,200,1100,서울특별시,강남구,도시,127.0385516,37.4968072,4.0,1.0,0.0,담뱃불/ 라이터불,담뱃불,부주의,담배꽁초,종이/목재/건초등,건초,,,,,판매/업무시설,일반업무,일반빌딩,6.0,0.0,N,Y,N,,,,,,3.1,,3.7,290.0,14.0,,2000.0,역삼1동
180223033655696,기타(쓰레기 화재등),,,,,,,,,,0,0,0,63,2018,겨울,1,20180223,10900,2,23,1,9,금요일,강남소방서,역삼119안전센터,역삼119안전센터,240,1800,서울특별시,강남구,도시,127.0355622,37.4993106,4.0,2.0,0.0,작동기기,불꽃/ 스파크/ 정전기,전기적 요인,누전/지락,전기/전자,전선피복,전기설비,기타(전기설비),,,기타,도로,전봇대,,,N,N,N,,,,,,0.6,,2.1,200.0,96.0,4.0,118.0,역삼1동
180224195026126,건축/구조물,양식(옥),철근콘크리트조,슬라브가,1.0,5.0,0.0,391.0,126.0,사용중,0,0,0,55,2018,겨울,1,20180224,95600,2,24,9,56,토요일,강남소방서,역삼119안전센터,역삼119안전센터,200,100,서울특별시,강남구,도시,127.035212,37.4939092,4.0,1.0,0.0,담뱃불/ 라이터불,담뱃불,부주의,담배꽁초,쓰레기류,쓰레기,,,,,주거,공동주택,다세대주택,1.0,0.0,N,N,N,,,,,,0.6,,3.8,320.0,64.0,,430.0,역삼1동
180226151104314,건축/구조물,양식(옥),철근콘크리트조,슬라브가,1.0,5.0,0.0,602.0,166.0,사용중,0,0,0,1229,2018,겨울,1,20180226,112800,2,26,11,28,월요일,강남소방서,역삼119안전센터,역삼119안전센터,217,1100,서울특별시,강남구,도시,127.03492,37.4955336,4.0,1.0,0.0,작동기기,기기 전도/복사열,부주의,음식물 조리중,식품,튀김유,,,기타,기타,주거,공동주택,다세대주택,2.0,4.0,N,N,N,,,,,,4.6,,1.6,140.0,37.0,,1309.0,역삼1동
180306122940010,건축/구조물,양식(옥),철근콘크리트조,슬라브가,1.0,11.0,2.0,1989.0,198.0,사용중,0,0,0,27,2018,봄,1,20180306,103900,3,6,10,39,화요일,강남소방서,역삼119안전센터,역삼119안전센터,444,800,서울특별시,강남구,도시,127.0390581,37.5027845,3.0,1.0,0.0,불꽃/ 불티,용접/ 절단/ 연마,부주의,용접/ 절단/ 연마,종이/목재/건초등,나무,,,,,판매/업무시설,일반업무,일반빌딩,2.0,0.0,N,N,N,,,,,,3.7,,1.3,20.0,51.0,,1596.0,역삼1동
180307024231561,건축/구조물,양식(옥),철근콘크리트조,슬라브가,1.0,6.0,1.0,749.0,149.0,사용중,0,0,0,70,2018,봄,1,20180307,2300,3,7,0,23,수요일,강남소방서,역삼119안전센터,역삼119안전센터,500,0,서울특별시,강남구,도시,127.0343996,37.5025563,3.0,1.0,0.0,작동기기,기기 전도/복사열,기계적 요인,과열/ 과부하,전기/전자,전기/ 전자기기 케이스,생활기기,헤어드라이어/헤어브러쉬,,,주거,단독주택,다가구주택(원룸포함),-1.0,6.0,N,N,N,,,,,,2.8,,1.7,110.0,45.0,,1493.0,역삼1동
180307160440039,건축/구조물,양식(옥),철근콘크리트조,슬라브가,1.0,3.0,1.0,528.0,132.0,사용중,0,0,0,4877,2018,봄,1,20180307,145000,3,7,14,50,수요일,강남소방서,역삼119안전센터,역삼119안전센터,416,800,서울특별시,강남구,도시,127.0435557,37.5076009,3.0,2.0,0.0,담뱃불/ 라이터불,라이터불/ 성냥불,방화,방화,종이/목재/건초등,종이,,,,,주거,단독주택,다가구주택(원룸포함),2.0,10.0,N,N,N,,,,,,9.8,,0.9,70.0,38.0,,1908.0,역삼1동
180307222744861,건축/구조물,양식(옥),철근콘크리트조,슬라브가,1.0,4.0,1.0,670.0,159.0,사용중,0,0,0,126,2018,봄,1,20180307,190000,3,7,19,0,수요일,강남소방서,역삼119안전센터,역삼119안전센터,217,600,서울특별시,강남구,도시,127.0349507,37.4981531,4.0,1.0,0.0,불꽃/ 불티,모닥불/ 연탄/ 숯,부주의,음식물 조리중,기타,기타,,,,,생활서비스,음식점,한식,2.0,0.0,N,N,Y,,,,,,8.9,,2.3,140.0,44.0,,2000.0,역삼1동
180319212228569,건축/구조물,양식(옥),철근콘크리트조,슬라브가,1.0,4.0,2.0,1307.0,227.0,사용중,0,0,0,786,2018,봄,1,20180319,201400,3,19,20,14,월요일,강남소방서,역삼119안전센터,역삼119안전센터,300,0,서울특별시,강남구,도시,127.0424635,37.5060421,3.0,2.0,0.0,작동기기,기기 전도/복사열,기계적 요인,과열/ 과부하,침구/직물류,이불(베개/시트),계절용 기기,전기장판/담요/방석류,,,주거,공동주택,다세대주택,2.0,0.0,N,Y,N,,,,,,8.3,,3.1,90.0,47.0,,2000.0,역삼1동
180324190625217,건축/구조물,양식(옥),철근콘크리트조,슬라브가,1.0,5.0,1.0,1573.0,255.0,사용중,0,0,0,108,2018,봄,1,20180324,180600,3,24,18,6,토요일,강남소방서,역삼119안전센터,역삼119안전센터,300,800,서울특별시,강남구,도시,127.0309572,37.4948934,4.0,2.0,0.0,담뱃불/ 라이터불,담뱃불,부주의,담배꽁초,종이/목재/건초등,종이,,,,,판매/업무시설,일반업무,일반빌딩,1.0,0.0,N,Y,N,,,,,,9.0,,3.0,270.0,76.0,,288.0,역삼1동
180330134502254,기타(쓰레기 화재등),,,,,,,,,,0,0,0,66,2018,봄,1,20180330,125600,3,30,12,56,금요일,강남소방서,역삼119안전센터,역삼119안전센터,125,500,서울특별시,강남구,도시,127.0311169,37.5027928,5.0,1.0,0.0,담뱃불/ 라이터불,라이터불/ 성냥불,부주의,기타(부주의),종이/목재/건초등,기타(종이/목재/건초등),,,,,기타,야외,기타야외,,,N,N,N,,,,,,19.1,,1.6,90.0,26.0,,1704.0,역삼1동
180407215602766,기타(쓰레기 화재등),,,,,,,,,,0,0,0,55,2018,봄,2,20180407,203300,4,7,20,33,토요일,강남소방서,역삼119안전센터,역삼119안전센터,200,600,서울특별시,강남구,도시,127.037032,37.5025012,3.0,1.0,0.0,담뱃불/ 라이터불,담뱃불,부주의,담배꽁초,종이/목재/건초등,종이,,,,,기타,야외,기타야외,,,N,N,N,,,,,,4.2,,4.1,270.0,44.0,,2000.0,역삼1동
180408201828437,건축/구조물,양식(옥),철근콘크리트조,슬라브가,1.0,5.0,0.0,499.0,130.0,사용중,0,0,0,392,2018,봄,2,20180408,191100,4,8,19,11,일요일,강남소방서,역삼119안전센터,역삼119안전센터,600,0,서울특별시,강남구,도시,127.0342797,37.4951763,4.0,1.0,0.0,담뱃불/ 라이터불,담뱃불,부주의,담배꽁초,종이/목재/건초등,종이,,,,,주거,공동주택,다세대주택,4.0,0.0,N,N,N,,,,,,2.5,1.0,1.8,110.0,94.0,,349.0,역삼1동
180413170355508,건축/구조물,양식(옥),철근콘크리트조,슬라브가,1.0,4.0,1.0,2059.0,644.0,사용중,0,0,0,3072,2018,봄,2,20180413,105900,4,13,10,59,금요일,강남소방서,역삼119안전센터,역삼119안전센터,121,1500,서울특별시,강남구,도시,127.0298749,37.4943828,6.0,2.0,0.0,불꽃/ 불티,모닥불/ 연탄/ 숯,부주의,음식물 조리중,기타,기타,,,,,생활서비스,음식점,제과점,5.0,0.0,N,Y,Y,,,,,,15.7,,1.6,90.0,18.0,,1980.0,역삼1동
180415014908571,건축/구조물,한식(옥),벽돌조,시멘트기와,1.0,2.0,1.0,278.0,171.0,사용중,0,0,0,4177,2018,봄,2,20180415,300,4,15,0,3,일요일,강남소방서,역삼119안전센터,역삼119안전센터,300,1400,서울특별시,강남구,도시,127.0385432,37.503018,3.0,1.0,0.0,작동기기,기기 전도/복사열,기계적 요인,과열/ 과부하,기타,기타,,,,,생활서비스,음식점,기타 음식점,1.0,15.0,N,N,Y,,,,,,7.8,,1.8,270.0,78.0,,1741.0,역삼1동
180420161106517,건축/구조물,양식(옥),철근콘크리트조,슬라브가,1.0,4.0,0.0,503.0,178.0,사용중,0,0,0,52,2018,봄,2,20180420,132800,4,20,13,28,금요일,강남소방서,역삼119안전센터,역삼119안전센터,300,700,서울특별시,강남구,도시,127.0423203,37.5071536,3.0,1.0,0.0,마찰/ 전도/ 복사,화염 전도/복사열,부주의,가연물 근접방치,합성수지,플라스틱/ PVC/ 비닐/ 장판,,,,,주거,단독주택,다가구주택(원룸포함),2.0,0.0,N,N,N,,,,,,24.2,,1.5,180.0,30.0,,835.0,역삼1동
180422001123756,기타(쓰레기 화재등),,,,,,,,,,0,0,0,56,2018,봄,2,20180421,195000,4,21,19,50,토요일,강남소방서,역삼119안전센터,역삼119안전센터,531,10,서울특별시,강남구,도시,127.0317684,37.495756,4.0,2.0,0.0,담뱃불/ 라이터불,담뱃불,부주의,담배꽁초,쓰레기류,쓰레기,,,,,기타,야외,쓰레기,,,N,N,N,,,,,,20.7,,2.0,290.0,15.0,,2000.0,역삼1동
180504083528715,건축/구조물,양식(옥),철근콘크리트조,슬라브가,1.0,8.0,2.0,5077.0,262.0,사용중,0,0,0,419,2018,봄,2,20180504,72200,5,4,7,22,금요일,강남소방서,역삼119안전센터,역삼119안전센터,500,200,서울특별시,강남구,도시,127.0351341,37.5034788,3.0,1.0,0.0,담뱃불/ 라이터불,담뱃불,부주의,담배꽁초,종이/목재/건초등,종이,,,,,판매/업무시설,일반업무,일반회사,2.0,0.0,N,Y,N,,,,,,9.5,,2.1,270.0,55.0,,1912.0,역삼1동
180508112111185,건축/구조물,양식(옥),철근콘크리트조,슬라브가,1.0,4.0,1.0,1051.0,204.0,사용중,0,0,0,1114,2018,봄,2,20180508,101400,5,8,10,14,화요일,강남소방서,역삼119안전센터,역삼119안전센터,200,1200,서울특별시,강남구,도시,127.0358011,37.5021853,4.0,1.0,0.0,작동기기,기기 전도/복사열,부주의,음식물 조리중,식품,튀김유,,,,,생활서비스,음식점,치킨/족발,1.0,4.0,N,N,N,,,,,,20.0,,1.9,70.0,48.0,,2000.0,역삼1동
180517070723687,건축/구조물,양식(옥),철근콘크리트조,슬라브가,1.0,4.0,1.0,1279.0,304.0,사용중,0,0,0,15809,2018,봄,2,20180517,35800,5,17,3,58,목요일,강남소방서,역삼119안전센터,역삼119안전센터,300,5700,서울특별시,강남구,도시,127.0389446,37.4922624,4.0,1.0,0.0,작동기기,불꽃/ 스파크/ 정전기,전기적 요인,기타(전기적요인),전기/전자,전자기기 부속품,,,,,생활서비스,오락시설,노래연습장업,-1.0,100.0,N,Y,Y,,,,,,21.8,2.5,0.6,70.0,98.0,,113.0,역삼1동
180528165530432,건축/구조물,양식(옥),철근콘크리트조,슬라브가,1.0,4.0,1.0,1298.0,252.0,사용중,0,0,0,23664,2018,봄,2,20180528,150900,5,28,15,9,월요일,강남소방서,역삼119안전센터,역삼119안전센터,700,400,서울특별시,강남구,도시,127.0294684,37.4998852,4.0,2.0,0.0,담뱃불/ 라이터불,담뱃불,부주의,담배꽁초,쓰레기류,기타 쓰레기,,,자동차/철도차량/선박/항공기,기타(자동차/철도차량/선박/항공기),생활서비스,음식점,한식,1.0,4.0,N,Y,N,,,,,,28.4,,3.1,270.0,43.0,,900.0,역삼1동
180529120732308,건축/구조물,양식(옥),철근콘크리트조,슬라브가,11.0,4.0,1.0,0.0,0.0,사용중,0,1,1,301,2018,봄,2,20180529,104300,5,29,10,43,화요일,강남소방서,역삼119안전센터,역삼119안전센터,500,0,서울특별시,강남구,도시,127.0403611,37.5040961,3.0,1.0,0.0,작동기기,불꽃/ 스파크/ 정전기,부주의,불씨/불꽃/화원방치,침구/직물류,카펫,,,,,의료/복지시설,건강시설,기타 건강시설,2.0,0.0,N,N,N,,,,,,21.6,,1.6,230.0,68.0,,980.0,역삼1동
180616123038500,기타(쓰레기 화재등),,,,,,,,,,0,0,0,20,2018,여름,2,20180616,114900,6,16,11,49,토요일,강남소방서,역삼119안전센터,역삼119안전센터,300,200,서울특별시,강남구,도시,127.047889,37.5044089,2.0,1.0,0.0,담뱃불/ 라이터불,담뱃불,부주의,담배꽁초,종이/목재/건초등,목재/ 합판,,,,,기타,야외,기타야외,,,N,N,N,,,,,,23.4,,1.6,140.0,46.0,,1954.0,역삼1동
180617225310472,건축/구조물,양식(옥),철근콘크리트조,슬라브가,1.0,10.0,4.0,4648.0,364.0,사용중,0,4,4,2328,2018,여름,2,20180617,191900,6,17,19,19,일요일,강남소방서,역삼119안전센터,역삼119안전센터,400,0,서울특별시,강남구,도시,127.0285292,37.4990479,4.0,2.0,0.0,미상(발화원인),미상,가스누출(폭발),가스누출(폭발),가연성가스,프로판가스,주방기기,기타(주방기기),,,판매/업무시설,숙박시설,호텔,10.0,0.0,N,Y,N,,,,,,24.2,,1.9,320.0,62.0,,1225.0,역삼1동
180626222335120,건축/구조물,양식(옥),철근콘크리트조,슬라브가,1.0,3.0,1.0,461.0,122.0,사용중,0,0,0,80,2018,여름,2,20180626,174200,6,26,17,42,화요일,강남소방서,역삼119안전센터,역삼119안전센터,412,10,서울특별시,강남구,도시,127.0315885,37.49439,4.0,1.0,0.0,작동기기,전기적 아크(단락),전기적 요인,누전/지락,전기/전자,전선피복,배선/배선기구,전력공급용 전선,,,생활서비스,음식점,한식,3.0,0.0,N,N,N,,,,,,24.0,2.0,5.0,200.0,95.0,,362.0,역삼1동
180728010646909,건축/구조물,양식(옥),철근콘크리트조,슬라브가,1.0,3.0,1.0,276.0,80.0,사용중,0,0,0,1234,2018,여름,3,20180727,221100,7,27,22,11,금요일,강남소방서,역삼119안전센터,역삼119안전센터,508,52,서울특별시,강남구,도시,127.0279982,37.5004099,4.0,3.0,0.0,담뱃불/ 라이터불,담뱃불,부주의,담배꽁초,종이/목재/건초등,종이,,,,,생활서비스,음식점,일반주점,1.0,0.0,N,N,N,,,,,,29.9,,2.0,290.0,74.0,,1201.0,역삼1동
180802011816874,건축/구조물,양식(옥),철근콘크리트조,슬라브가,1.0,2.0,1.0,216.0,101.0,사용중,0,0,0,394,2018,여름,3,20180801,161600,8,1,16,16,수요일,강남소방서,역삼119안전센터,역삼119안전센터,803,0,서울특별시,강남구,도시,127.0259597,37.5036353,4.0,2.0,0.0,작동기기,전기적 아크(단락),전기적 요인,접촉불량에 의한 단락,전기/전자,전선피복,배선/배선기구,옥내 인입배선,,,생활서비스,음식점,한식,1.0,0.0,N,N,N,,,,,,39.4,,2.5,270.0,39.0,,1897.0,역삼1동
180816154024482,기타(쓰레기 화재등),,,,,,,,,,0,0,0,405,2018,여름,3,20180816,144300,8,16,14,43,목요일,강남소방서,역삼119안전센터,역삼119안전센터,240,0,서울특별시,강남구,도시,127.0407145,37.5083517,4.0,2.0,0.0,담뱃불/ 라이터불,담뱃불,부주의,담배꽁초,쓰레기류,쓰레기,,,,,기타,야외,쓰레기,,,N,N,N,,,,,,35.3,,2.0,110.0,40.0,,2000.0,역삼1동
180818012559902,자동차/철도차량,,,,,,,,,,0,0,0,1650,2018,여름,3,20180817,230900,8,17,23,9,금요일,강남소방서,역삼119안전센터,역삼119안전센터,200,500,서울특별시,강남구,도시,127.0386075,37.5085775,3.0,1.0,0.0,작동기기,기기 전도/복사열,기계적 요인,과열/ 과부하,합성수지,플라스틱/ PVC/ 비닐/ 장판,차량/ 선박부품,배기가스매니홀드,,,자동차/철도차량,자동차,승용자동차,,,N,N,N,,일반도로,기타차량위치,,,25.2,,1.2,140.0,47.0,,2000.0,역삼1동
180819080008391,건축/구조물,양식(옥),철근콘크리트조,슬라브가,1.0,4.0,1.0,602.0,122.0,사용중,0,0,0,193,2018,여름,3,20180819,65700,8,19,6,57,일요일,강남소방서,역삼119안전센터,역삼119안전센터,326,200,서울특별시,강남구,도시,127.0359203,37.5062537,3.0,2.0,0.0,담뱃불/ 라이터불,라이터불/ 성냥불,기타,기타,종이/목재/건초등,종이,,,,,주거,공동주택,다세대주택,1.0,0.0,N,Y,N,,,,,,23.1,,0.6,20.0,64.0,,2000.0,역삼1동
180821012501574,건축/구조물,양식(옥),철근콘크리트조,슬라브가,1.0,4.0,1.0,388.0,103.0,사용중,0,0,0,301,2018,여름,3,20180820,205100,8,20,20,51,월요일,강남소방서,역삼119안전센터,역삼119안전센터,426,800,서울특별시,강남구,도시,127.0347086,37.5028394,4.0,2.0,0.0,마찰/ 전도/ 복사,화염 전도/복사열,부주의,가연물 근접방치,쓰레기류,쓰레기,주방기기,핫플래이트,,,주거,단독주택,다가구주택(원룸포함),-1.0,2.0,N,N,N,,,,,,29.8,,3.4,200.0,61.0,,1525.0,역삼1동
180821021512310,건축/구조물,양식(옥),철근콘크리트조,슬라브가,1.0,5.0,1.0,986.0,190.0,사용중,0,0,0,169,2018,여름,3,20180820,235100,8,20,23,51,월요일,강남소방서,역삼119안전센터,역삼119안전센터,350,700,서울특별시,강남구,도시,127.0469853,37.5063448,3.0,2.0,0.0,작동기기,전기적 아크(단락),전기적 요인,접촉불량에 의한 단락,전기/전자,전선피복,조명/ 간판,기타(조명/간판),,,판매/업무시설,일반업무,일반회사,6.0,0.0,N,Y,N,,,,,,28.5,,4.9,180.0,62.0,,1882.0,역삼1동
180826030416016,건축/구조물,양식(옥),철근콘크리트조,슬라브가,1.0,2.0,0.0,993.0,507.0,사용중,0,0,0,9412,2018,여름,3,20180826,3900,8,26,0,39,일요일,강남소방서,역삼119안전센터,역삼119안전센터,300,1100,서울특별시,강남구,도시,127.0328214,37.4980184,4.0,2.0,0.0,작동기기,기기 전도/복사열,부주의,음식물 조리중,식품,튀김유,주방기기,가스렌지,,,생활서비스,음식점,중식,1.0,10.0,N,Y,N,,,,,,22.8,,1.5,290.0,78.0,,2000.0,역삼1동
180902102223571,건축/구조물,양식(옥),철근콘크리트조,슬라브가,1.0,3.0,1.0,688.0,197.0,사용중,0,0,0,25196,2018,가을,3,20180902,72800,9,2,7,28,일요일,강남소방서,역삼119안전센터,역삼119안전센터,246,2000,서울특별시,강남구,도시,127.0334144,37.4958384,4.0,1.0,0.0,작동기기,전기적 아크(단락),전기적 요인,미확인단락,전기/전자,전선피복,계절용 기기,에어컨,종이/목재/건초등,목재/ 합판,생활서비스,오락시설,노래연습장업,2.0,60.0,N,N,Y,,,,,,20.2,,1.4,90.0,65.0,,2000.0,역삼1동
180905185624303,자동차/철도차량,,,,,,,,,,0,0,0,110,2018,가을,3,20180905,173300,9,5,17,33,수요일,강남소방서,역삼119안전센터,역삼119안전센터,216,1200,서울특별시,강남구,도시,127.0349344,37.490904,5.0,2.0,0.0,마찰/ 전도/ 복사,마찰열/마찰 스파크,기계적 요인,과열/ 과부하,자동차/철도차량/선박/항공기,오일류,차량/ 선박부품,브레이크장치,,,자동차/철도차량,자동차,승용자동차,,,N,N,N,,일반도로,바퀴,,,27.7,,5.0,270.0,40.0,,2000.0,역삼1동
180908124202829,건축/구조물,양식(옥),철근콘크리트조,슬라브가,1.0,12.0,2.0,1997.0,39.0,사용중,0,0,0,1857,2018,가을,3,20180908,105800,9,8,10,58,토요일,강남소방서,역삼119안전센터,역삼119안전센터,342,600,서울특별시,강남구,도시,127.0354993,37.4994186,4.0,1.0,0.0,작동기기,전기적 아크(단락),전기적 요인,미확인단락,기타,기타,,,,,판매/업무시설,숙박시설,호텔,-1.0,5.0,N,Y,N,,,,,,22.2,,0.9,290.0,43.0,,1891.0,역삼1동
180927155402121,건축/구조물,양식(옥),철근콘크리트조,슬라브가,1.0,2.0,1.0,474.0,151.0,사용중,0,0,0,9582,2018,가을,3,20180927,84300,9,27,8,43,목요일,강남소방서,역삼119안전센터,역삼119안전센터,256,1500,서울특별시,강남구,도시,127.0335142,37.5052536,4.0,2.0,0.0,작동기기,전기적 아크(단락),전기적 요인,미확인단락,전기/전자,전선피복,배선/배선기구,전력공급용 전선,합성수지,기타(합성수지),판매/업무시설,판매시설,기타 판매시설,-1.0,90.0,N,N,N,,,,,,14.8,,1.1,90.0,51.0,,2000.0,역삼1동
181003173806828,건축/구조물,양식(옥),철근콘크리트조,슬라브가,1.0,5.0,1.0,622.0,126.0,사용중,0,2,2,28235,2018,가을,4,20181003,151900,10,3,15,19,수요일,강남소방서,역삼119안전센터,역삼119안전센터,700,3700,서울특별시,강남구,도시,127.0363983,37.4968936,4.0,1.0,0.0,작동기기,기기 전도/복사열,부주의,음식물 조리중,식품,튀김유,주방기기,핫플래이트,,,주거,단독주택,다가구주택(원룸포함),1.0,139.0,N,N,N,,,,,,24.1,,2.0,270.0,34.0,,1996.0,역삼1동
181009102252717,기타(쓰레기 화재등),,,,,,,,,,0,0,0,0,2018,가을,4,20181009,90900,10,9,9,9,화요일,강남소방서,역삼119안전센터,역삼119안전센터,200,100000,서울특별시,강남구,도시,127.0372042,37.5027707,3.0,1.0,0.0,담뱃불/ 라이터불,담뱃불,부주의,담배꽁초,쓰레기류,쓰레기,,,,,기타,야외,쓰레기,,,N,N,N,,,,,,12.8,,1.2,90.0,57.0,,1838.0,역삼1동
181009134310629,건축/구조물,양식(옥),철근콘크리트조,슬라브가,1.0,2.0,1.0,594.0,195.0,사용중,0,1,1,9957,2018,가을,4,20181009,110600,10,9,11,6,화요일,강남소방서,역삼119안전센터,역삼119안전센터,300,400,서울특별시,강남구,도시,127.0288756,37.5010283,4.0,2.0,0.0,작동기기,기기 전도/복사열,부주의,음식물 조리중,식품,튀김유,,,,,생활서비스,음식점,양식,-1.0,0.0,N,N,N,,,,,,16.4,,0.7,90.0,45.0,,2000.0,역삼1동
181015221214101,건축/구조물,양식(옥),철근콘크리트조,슬라브가,1.0,10.0,4.0,4648.0,364.0,사용중,0,0,0,3862,2018,가을,4,20181015,190300,10,15,19,3,월요일,강남소방서,역삼119안전센터,역삼119안전센터,500,1200,서울특별시,강남구,도시,127.0285292,37.4990479,4.0,2.0,0.0,담뱃불/ 라이터불,담뱃불,부주의,담배꽁초,쓰레기류,쓰레기,,,,,판매/업무시설,숙박시설,호텔,10.0,30.0,N,Y,N,,,,,,16.9,,1.8,270.0,74.0,,366.0,역삼1동
181018094912811,건축/구조물,양식(옥),철근콘크리트조,슬라브가,1.0,4.0,1.0,507.0,113.0,사용중,0,0,0,105,2018,가을,4,20181018,84200,10,18,8,42,목요일,강남소방서,역삼119안전센터,역삼119안전센터,400,0,서울특별시,강남구,도시,127.036185,37.5051885,3.0,2.0,0.0,작동기기,기기 전도/복사열,부주의,불씨/불꽃/화원방치,합성수지,플라스틱/ PVC/ 비닐/ 장판,,,,,주거,공동주택,기타 공동주택,2.0,0.0,N,N,N,,,,,,8.5,,0.5,20.0,77.0,,1995.0,역삼1동
181109221942674,건축/구조물,양식(옥),철근콘크리트조,슬라브가,1.0,4.0,1.0,670.0,159.0,사용중,0,0,0,45,2018,가을,4,20181109,195700,11,9,19,57,금요일,강남소방서,역삼119안전센터,역삼119안전센터,300,0,서울특별시,강남구,도시,127.0349507,37.4981531,4.0,1.0,0.0,불꽃/ 불티,모닥불/ 연탄/ 숯,부주의,가연물 근접방치,쓰레기류,기타 쓰레기,주방기기,기타(주방기기),,,생활서비스,음식점,양식,2.0,0.0,N,N,Y,,,,,,11.9,,2.7,290.0,71.0,,589.0,역삼1동
181121015313583,건축/구조물,양식(옥),철근콘크리트조,슬라브가,1.0,5.0,1.0,540.0,124.0,사용중,0,0,0,2099,2018,가을,4,20181120,233100,11,20,23,31,화요일,강남소방서,역삼119안전센터,역삼119안전센터,300,1100,서울특별시,강남구,도시,127.0420884,37.5079102,2.0,3.0,0.0,작동기기,기기 전도/복사열,부주의,가연물 근접방치,쓰레기류,쓰레기,주방기기,핫플래이트,,,주거,공동주택,다세대주택,3.0,6.0,N,N,N,,,,,,9.3,,3.5,200.0,43.0,,1807.0,역삼1동
181219031245090,기타(쓰레기 화재등),,,,,,,,,,0,0,0,23,2018,겨울,4,20181219,23400,12,19,2,34,수요일,강남소방서,역삼119안전센터,역삼119안전센터,300,200,서울특별시,강남구,도시,127.0364047,37.4988798,6.0,2.0,0.0,담뱃불/ 라이터불,담뱃불,부주의,담배꽁초,종이/목재/건초등,종이,,,,,기타,야외,쓰레기,,,N,N,N,,,,,,3.1,,1.1,270.0,74.0,,1062.0,역삼1동
181221164224881,건축/구조물,양식(옥),철근콘크리트조,슬라브가,1.0,4.0,0.0,375.0,149.0,사용중,0,0,0,166,2018,겨울,4,20181221,153300,12,21,15,33,금요일,강남소방서,역삼119안전센터,역삼119안전센터,324,200,서울특별시,강남구,도시,127.038399,37.5034817,3.0,1.0,0.0,담뱃불/ 라이터불,담뱃불,부주의,담배꽁초,쓰레기류,쓰레기,,,,,주거,공동주택,다세대주택,1.0,3.0,N,N,N,,,,,,9.3,,0.4,0.0,30.0,,1027.0,역삼1동
190112164129256,건축/구조물,양식(옥),철근콘크리트조,슬라브가,1.0,4.0,2.0,1504.0,279.0,사용중,0,0,0,203,2019,겨울,1,20190112,155300,1,12,15,53,토요일,강남소방서,역삼119안전센터,역삼119안전센터,407,500,서울특별시,강남구,도시,127.0474269,37.5051453,2.0,1.0,0.0,마찰/ 전도/ 복사,화염 전도/복사열,부주의,음식물 조리중,기타,기타,,,,,생활서비스,음식점,한식,1.0,0.0,N,Y,N,,,,,,7.8,,1.8,290.0,33.0,,616.0,역삼1동
190113122932769,건축/구조물,양식(옥),철근콘크리트조,슬라브가,1.0,5.0,2.0,1744.0,246.0,사용중,0,0,0,5790,2019,겨울,1,20190113,91500,1,13,9,15,일요일,강남소방서,역삼119안전센터,역삼119안전센터,300,2800,서울특별시,강남구,도시,127.0274708,37.499836,4.0,2.0,0.0,담뱃불/ 라이터불,담뱃불,부주의,담배꽁초,종이/목재/건초등,종이,,,,,생활서비스,음식점,한식,1.0,0.0,N,Y,N,,,,,,-2.4,,0.4,0.0,56.0,,516.0,역삼1동
190117200607680,건축/구조물,양식(옥),철근콘크리트조,슬라브가,1.0,6.0,1.0,790.0,136.0,사용중,0,0,0,306,2019,겨울,1,20190117,171900,1,17,17,19,목요일,강남소방서,역삼119안전센터,역삼119안전센터,224,300,서울특별시,강남구,도시,127.0403311,37.5036029,3.0,1.0,0.0,작동기기,전기적 아크(단락),전기적 요인,절연열화에 의한 단락,전기/전자,전선피복,,,,,생활서비스,음식점,한식,-1.0,0.0,N,Y,N,,,,,,3.0,,3.8,270.0,22.0,,1834.0,역삼1동
190118175333131,건축/구조물,양식(옥),철골조,스레트가,1.0,6.0,0.0,1213.0,279.0,사용중,0,0,0,490,2019,겨울,1,20190118,163600,1,18,16,36,금요일,강남소방서,역삼119안전센터,역삼119안전센터,306,1500,서울특별시,강남구,도시,127.0335939,37.4983262,4.0,1.0,0.0,마찰/ 전도/ 복사,마찰열/마찰 스파크,기타,기타,종이/목재/건초등,종이,,,,,운수자동차시설,자동차시설,자동차검사장/ 매매장/ 부속상/ 정비공장,1.0,5.0,N,Y,N,,,,,,5.8,,3.1,290.0,37.0,,914.0,역삼1동
190118220349482,건축/구조물,양식(옥),철근콘크리트조,슬라브가,1.0,4.0,1.0,999.0,212.0,사용중,0,0,0,96,2019,겨울,1,20190118,204800,1,18,20,48,금요일,강남소방서,역삼119안전센터,역삼119안전센터,332,1000,서울특별시,강남구,도시,127.0326285,37.4984237,4.0,1.0,0.0,작동기기,전기적 아크(단락),전기적 요인,절연열화에 의한 단락,합성수지,플라스틱/ PVC/ 비닐/ 장판,,,,,생활서비스,음식점,한식,1.0,0.0,N,N,N,,,,,,1.7,,1.5,290.0,58.0,,645.0,역삼1동
190128181626680,건축/구조물,양식(옥),철근콘크리트조,슬라브가,1.0,8.0,1.0,1873.0,309.0,사용중,0,0,0,163,2019,겨울,1,20190128,145100,1,28,14,51,월요일,강남소방서,역삼119안전센터,역삼119안전센터,300,700,서울특별시,강남구,도시,127.0370157,37.5076487,3.0,2.0,0.0,담뱃불/ 라이터불,담뱃불,부주의,담배꽁초,종이/목재/건초등,목재/ 합판,,,,,집합시설,운동시설,스크린골프연습장,8.0,1.0,N,N,N,,,,,,3.4,,4.3,290.0,20.0,,1492.0,역삼1동
190202034209478,건축/구조물,양식(옥),철근콘크리트조,슬라브가,1.0,4.0,1.0,388.0,178.0,사용중,0,0,0,487,2019,겨울,1,20190202,21400,2,2,2,14,토요일,강남소방서,역삼119안전센터,역삼119안전센터,400,0,서울특별시,강남구,도시,127.0347086,37.5028394,4.0,1.0,0.0,미상(발화원인),미상,방화의심,방화의심,침구/직물류,커튼,,,,,주거,단독주택,다가구주택(원룸포함),2.0,0.0,N,N,N,,,,,,-2.3,,0.1,0.0,65.0,0.2,1364.0,역삼1동
190208061107257,건축/구조물,양식(옥),철근콘크리트조,슬라브가,1.0,3.0,2.0,670.0,180.0,사용중,0,0,0,1614,2019,겨울,1,20190208,40600,2,8,4,6,금요일,강남소방서,역삼119안전센터,역삼119안전센터,323,2534,서울특별시,강남구,도시,127.0377524,37.502916,3.0,1.0,0.0,작동기기,전기적 아크(단락),전기적 요인,접촉불량에 의한 단락,전기/전자,전선피복,배선/배선기구,옥내배선용 전선,,,생활서비스,음식점,한식,1.0,0.0,N,Y,N,,,,,,-9.6,,2.9,320.0,34.0,,2000.0,역삼1동
190208105035365,건축/구조물,양식(옥),철근콘크리트조,슬라브가,1.0,5.0,1.0,998.0,183.0,사용중,0,0,0,53,2019,겨울,1,20190208,91700,2,8,9,17,금요일,강남소방서,역삼119안전센터,역삼119안전센터,53,200,서울특별시,강남구,도시,127.0316216,37.4955588,4.0,1.0,0.0,작동기기,전기적 아크(단락),전기적 요인,접촉불량에 의한 단락,전기/전자,전선피복,,,,,생활서비스,음식점,한식,1.0,0.0,N,Y,N,,,,,,-9.5,,1.1,50.0,34.0,,1985.0,역삼1동
190213061611401,건축/구조물,양식(옥),철근콘크리트조,슬라브가,1.0,12.0,4.0,24533.0,1439.0,사용중,0,0,0,113,2019,겨울,1,20190213,33900,2,13,3,39,수요일,강남소방서,역삼119안전센터,역삼119안전센터,204,959,서울특별시,강남구,도시,127.0350201,37.4985337,4.0,1.0,0.0,작동기기,전기적 아크(단락),전기적 요인,접촉불량에 의한 단락,전기/전자,전선피복,생활기기,세탁기,,,판매/업무시설,일반업무,오피스텔,2.0,0.0,N,Y,N,,,,,,-3.4,,2.0,320.0,33.0,,1529.0,역삼1동
190214200304651,건축/구조물,양식(옥),철근콘크리트조,슬라브가,1.0,6.0,1.0,1896.0,214.0,사용중,0,0,0,471,2019,겨울,1,20190214,174200,2,14,17,42,목요일,강남소방서,역삼119안전센터,역삼119안전센터,134,2206,서울특별시,강남구,도시,127.0396506,37.4944563,4.0,1.0,0.0,담뱃불/ 라이터불,담뱃불,부주의,담배꽁초,쓰레기류,쓰레기,,,,,판매/업무시설,일반업무,일반빌딩,1.0,2.0,N,Y,N,,,,,,4.9,,1.8,270.0,20.0,,1637.0,역삼1동
190218151725420,건축/구조물,양식(옥),철근콘크리트조,슬라브가,1.0,6.0,0.0,1107.0,237.0,사용중,0,0,0,393,2019,겨울,1,20190218,131400,2,18,13,14,월요일,강남소방서,역삼119안전센터,역삼119안전센터,246,938,서울특별시,강남구,도시,127.0365052,37.4944173,1.0,4.0,0.0,작동기기,전기적 아크(단락),전기적 요인,접촉불량에 의한 단락,전기/전자,전선피복,생활기기,세탁기,,,주거,공동주택,다세대주택,5.0,0.0,N,N,N,,,,,,5.3,,1.4,180.0,29.0,,1785.0,역삼1동
190223180733632,건축/구조물,양식(옥),철근콘크리트조,슬라브가,1.0,6.0,1.0,1250.0,182.0,사용중,0,0,0,8,2019,겨울,1,20190223,162800,2,23,16,28,토요일,강남소방서,역삼119안전센터,역삼119안전센터,244,0,서울특별시,강남구,도시,127.0318462,37.496879,4.0,1.0,0.0,작동기기,전기적 아크(단락),전기적 요인,과부하/과전류,합성수지,플라스틱/ PVC/ 비닐/ 장판,,,,,판매/업무시설,일반업무,일반빌딩,6.0,0.0,N,Y,N,,,,,,14.1,,1.5,70.0,16.0,,1975.0,역삼1동
190228171910983,기타(쓰레기 화재등),,,,,,,,,,0,0,0,495,2019,겨울,1,20190228,153900,2,28,15,39,목요일,강남소방서,역삼119안전센터,역삼119안전센터,549,837,서울특별시,강남구,도시,127.0279734,37.5004148,5.0,3.0,0.0,담뱃불/ 라이터불,담뱃불,부주의,담배꽁초,종이/목재/건초등,종이,,,,,기타,야외,쓰레기,,,N,N,N,,,,,,12.7,,3.1,290.0,27.0,,556.0,역삼1동
190304014403808,건축/구조물,양식(옥),철근콘크리트조,슬라브가,1.0,5.0,1.0,719.0,134.0,사용중,0,0,0,1931,2019,봄,1,20190303,232600,3,3,23,26,일요일,강남소방서,역삼119안전센터,역삼119안전센터,121,1633,서울특별시,강남구,도시,127.0466148,37.5053127,3.0,2.0,0.0,담뱃불/ 라이터불,담뱃불,부주의,담배꽁초,쓰레기류,쓰레기,,,,,판매/업무시설,일반업무,일반빌딩,1.0,4.0,N,Y,N,,,,,,9.4,,2.0,270.0,47.0,,306.0,역삼1동
190310182249333,건축/구조물,양식(옥),철근콘크리트조,슬라브가,1.0,6.0,3.0,5107.0,527.0,사용중,0,0,0,209,2019,봄,1,20190310,163300,3,10,16,33,일요일,강남소방서,역삼119안전센터,역삼119안전센터,332,1115,서울특별시,강남구,도시,127.0448911,37.5080486,2.0,2.0,0.0,담뱃불/ 라이터불,담뱃불,부주의,담배꽁초,쓰레기류,쓰레기,,,,,판매/업무시설,일반업무,일반빌딩,-3.0,3.0,N,Y,N,,,,,,15.1,,1.1,20.0,14.0,,1980.0,역삼1동
190310230159438,건축/구조물,양식(옥),철근콘크리트조,슬라브가,1.0,6.0,2.0,2440.0,306.0,사용중,0,0,0,19,2019,봄,1,20190310,210000,3,10,21,0,일요일,강남소방서,역삼119안전센터,역삼119안전센터,245,356,서울특별시,강남구,도시,127.0325122,37.5004853,3.0,2.0,0.0,마찰/ 전도/ 복사,화염 전도/복사열,부주의,음식물 조리중,기타,기타,,,,,생활서비스,음식점,한식,1.0,0.0,N,Y,N,,,,,,9.8,,1.3,70.0,41.0,,1344.0,역삼1동
190313165029370,건축/구조물,양식(옥),철근콘크리트조,슬라브가,1.0,4.0,1.0,865.0,186.0,사용중,0,0,0,426,2019,봄,1,20190313,95800,3,13,9,58,수요일,강남소방서,역삼119안전센터,역삼119안전센터,215,1152,서울특별시,강남구,도시,127.0383977,37.4940511,4.0,1.0,0.0,작동기기,전기적 아크(단락),전기적 요인,접촉불량에 의한 단락,전기/전자,콘센트/ 스위치류,,,,,의료/복지시설,건강시설,마사지(안마/ 지압 등),-1.0,4.0,N,N,N,,,,,,3.1,,3.1,320.0,53.0,,1996.0,역삼1동
190313170302205,건축/구조물,양식(옥),철근콘크리트조,슬라브가,1.0,7.0,2.0,1563.0,205.0,사용중,0,0,0,1768,2019,봄,1,20190313,123900,3,13,12,39,수요일,강남소방서,역삼119안전센터,역삼119안전센터,123,1148,서울특별시,강남구,도시,127.0360075,37.5034531,3.0,1.0,0.0,담뱃불/ 라이터불,담뱃불,부주의,담배꽁초,종이/목재/건초등,종이,,,,,판매/업무시설,일반업무,일반회사,4.0,4.0,N,Y,N,,,,,,6.7,0.0,3.9,290.0,23.0,,1836.0,역삼1동
190314160621516,건축/구조물,양식(옥),철근콘크리트조,슬라브가,1.0,6.0,0.0,659.0,191.0,사용중,0,0,0,1490,2019,봄,1,20190314,103200,3,14,10,32,목요일,강남소방서,역삼119안전센터,역삼119안전센터,338,737,서울특별시,강남구,도시,127.0471912,37.5062984,3.0,2.0,0.0,작동기기,기기 전도/복사열,부주의,가연물 근접방치,합성수지,플라스틱/ PVC/ 비닐/ 장판,주방기기,핫플래이트,,,주거,공동주택,다세대주택,2.0,10.0,N,N,N,,,,,,5.0,,1.8,230.0,42.0,,1858.0,역삼1동
190321025156812,건축/구조물,양식(옥),철근콘크리트조,슬라브가,1.0,5.0,1.0,1117.0,214.0,사용중,0,0,0,144,2019,봄,1,20190321,4200,3,21,0,42,목요일,강남소방서,역삼119안전센터,역삼119안전센터,250,620,서울특별시,강남구,도시,127.0365537,37.5033928,3.0,1.0,0.0,불꽃/ 불티,모닥불/ 연탄/ 숯,부주의,불씨/불꽃/화원방치,기타,기타,,,,,생활서비스,음식점,중식,1.0,0.0,N,N,N,,,,,,9.3,6.1,1.7,90.0,96.0,,139.0,역삼1동
190323010321522,건축/구조물,양식(옥),철근콘크리트조,슬라브가,1.0,11.0,2.0,2377.0,177.0,사용중,0,0,0,126,2019,봄,1,20190322,233200,3,22,23,32,금요일,강남소방서,역삼119안전센터,역삼119안전센터,313,0,서울특별시,강남구,도시,127.0341832,37.5006633,5.0,2.0,0.0,작동기기,기기 전도/복사열,부주의,기타(부주의),기타,기타,,,,,생활서비스,음식점,횟집,1.0,0.0,N,Y,N,,,,,,2.7,,2.1,340.0,39.0,,2000.0,역삼1동
190329005358811,기타(쓰레기 화재등),,,,,,,,,,0,0,0,92,2019,봄,1,20190328,232900,3,28,23,29,목요일,강남소방서,역삼119안전센터,역삼119안전센터,358,341,서울특별시,강남구,도시,127.0373243,37.5030026,3.0,1.0,0.0,담뱃불/ 라이터불,담뱃불,부주의,담배꽁초,기타,기타,,,,,기타,야외,쓰레기,,1.0,N,N,N,,,,,,8.1,,3.3,290.0,45.0,,1974.0,역삼1동
190330064314123,건축/구조물,양식(옥),철근콘크리트조,슬라브가,1.0,5.0,1.0,702.0,106.0,사용중,0,0,0,324,2019,봄,1,20190330,54800,3,30,5,48,토요일,강남소방서,역삼119안전센터,역삼119안전센터,335,338,서울특별시,강남구,도시,127.0431873,37.5048397,3.0,1.0,0.0,작동기기,전기적 아크(단락),전기적 요인,미확인단락,합성수지,플라스틱/ PVC/ 비닐/ 장판,,,,,생활서비스,음식점,횟집,1.0,0.0,N,N,N,,,,,,4.1,,0.1,0.0,93.0,,650.0,역삼1동
190403153804668,건축/구조물,양식(옥),철근콘크리트조,슬라브가,1.0,4.0,1.0,960.0,189.0,사용중,0,0,0,94,2019,봄,2,20190403,113300,4,3,11,33,수요일,강남소방서,역삼119안전센터,역삼119안전센터,725,0,서울특별시,강남구,도시,127.0275461,37.5019395,0.0,0.0,0.0,작동기기,불꽃/ 스파크/ 정전기,전기적 요인,접촉불량에 의한 단락,전기/전자,전기/ 전자기기 케이스,,,,,생활서비스,일상서비스,이미용실,3.0,0.0,N,N,N,,,,,,11.2,,1.9,270.0,32.0,,1331.0,역삼1동
190403172923085,건축/구조물,양식(옥),철근콘크리트조,슬라브가,1.0,14.0,4.0,9043.0,490.0,사용중,0,0,0,144,2019,봄,2,20190403,160200,4,3,16,2,수요일,강남소방서,역삼119안전센터,역삼119안전센터,305,0,서울특별시,강남구,도시,127.0300878,37.4965192,4.0,2.0,0.0,담뱃불/ 라이터불,담뱃불,부주의,담배꽁초,종이/목재/건초등,풀/ 나뭇잎,,,,,교육시설,연구/학원,일반학원,15.0,0.0,N,Y,N,,,,,,12.6,,4.1,250.0,16.0,,1994.0,역삼1동
190404163726603,기타(쓰레기 화재등),,,,,,,,,,0,0,0,119,2019,봄,2,20190404,145900,4,4,14,59,목요일,강남소방서,역삼119안전센터,역삼119안전센터,313,433,서울특별시,강남구,도시,127.0375898,37.494158,4.0,1.0,0.0,담뱃불/ 라이터불,담뱃불,부주의,담배꽁초,쓰레기류,기타 쓰레기,,,,,기타,야외,쓰레기,,2.0,N,N,N,,,,,,15.2,,3.4,270.0,25.0,,1955.0,역삼1동
190405090327853,건축/구조물,양식(옥),철근콘크리트조,슬라브가,1.0,3.0,1.0,1965.0,121.0,사용중,0,0,0,90,2019,봄,2,20190405,81300,4,5,8,13,금요일,강남소방서,역삼119안전센터,역삼119안전센터,402,619,서울특별시,강남구,도시,127.0396382,37.5033772,3.0,2.0,0.0,작동기기,기기 전도/복사열,부주의,음식물 조리중,식품,음식물,,,,,생활서비스,음식점,한식(휴게),1.0,0.0,N,Y,N,,,,,,8.7,0.0,1.2,230.0,85.0,,320.0,역삼1동
190407133731087,건축/구조물,양식(옥),철근콘크리트조,슬라브가,1.0,4.0,1.0,242.0,60.0,사용중,0,0,0,6271,2019,봄,2,20190407,103500,4,7,10,35,일요일,강남소방서,역삼119안전센터,역삼119안전센터,240,2001,서울특별시,강남구,도시,127.0369298,37.5024741,3.0,1.0,0.0,불꽃/ 불티,용접/ 절단/ 연마,부주의,용접/ 절단/ 연마,쓰레기류,쓰레기,산업장비,용접절단기(토치),,,생활서비스,음식점,일식,1.0,0.0,N,N,N,,,,,,12.4,,0.8,140.0,52.0,,1221.0,역삼1동
190407155716400,기타(쓰레기 화재등),,,,,,,,,,0,0,0,52,2019,봄,2,20190407,133800,4,7,13,38,일요일,강남소방서,역삼119안전센터,역삼119안전센터,110,3023,서울특별시,강남구,도시,127.025548,37.5031154,4.0,2.0,0.0,불꽃/ 불티,용접/ 절단/ 연마,부주의,용접/ 절단/ 연마,기타,기타,,,,,기타,야외,기타야외,,,N,N,N,,,,,,17.9,,2.3,230.0,28.0,,1790.0,역삼1동
190414205402941,건축/구조물,양식(옥),철근콘크리트조,슬라브가,1.0,15.0,4.0,8484.0,454.0,사용중,0,0,0,42,2019,봄,2,20190414,193100,4,14,19,31,일요일,강남소방서,역삼119안전센터,역삼119안전센터,341,725,서울특별시,강남구,도시,127.0312061,37.4915874,5.0,3.0,0.0,작동기기,전기적 아크(단락),전기적 요인,절연열화에 의한 단락,전기/전자,전선피복,,,,,생활서비스,일상서비스,일반상점,1.0,0.0,N,Y,N,,,,,,11.1,,4.0,290.0,21.0,,2000.0,역삼1동
190415043754969,건축/구조물,양식(옥),철근콘크리트조,슬라브가,1.0,4.0,1.0,659.0,152.0,사용중,0,0,0,29,2019,봄,2,20190415,33800,4,15,3,38,월요일,강남소방서,역삼119안전센터,역삼119안전센터,430,352,서울특별시,강남구,도시,127.0423884,37.5084047,3.0,2.0,0.0,마찰/ 전도/ 복사,화염 전도/복사열,부주의,음식물 조리중,기타,기타,,,,,주거,단독주택,다가구주택(원룸포함),1.0,0.0,N,N,N,,,,,,4.6,,0.3,0.0,42.0,,1988.0,역삼1동
190507190314925,건축/구조물,양식(옥),철근콘크리트조,슬라브가,1.0,6.0,3.0,2859.0,296.0,사용중,0,0,0,358,2019,봄,2,20190507,170900,5,7,17,9,화요일,강남소방서,역삼119안전센터,역삼119안전센터,400,721,서울특별시,강남구,도시,127.0296049,37.4996314,4.0,2.0,0.0,담뱃불/ 라이터불,담뱃불,부주의,담배꽁초,종이/목재/건초등,기타(종이/목재/건초등),,,,,판매/업무시설,일반업무,일반빌딩,1.0,0.0,N,Y,N,,,,,,19.7,,4.2,250.0,25.0,,1623.0,역삼1동
190519050940822,건축/구조물,한식(옥),벽돌조,스레트가,1.0,2.0,1.0,243.0,111.0,사용중,0,0,0,405,2019,봄,2,20190519,35700,5,19,3,57,일요일,강남소방서,역삼119안전센터,역삼119안전센터,340,3426,서울특별시,강남구,도시,127.043877,37.5047184,3.0,2.0,0.0,마찰/ 전도/ 복사,화염 전도/복사열,부주의,음식물 조리중,종이/목재/건초등,목재/ 합판,,,,,생활서비스,음식점,기타 음식점,1.0,0.0,N,N,N,,,,,,18.9,2.5,0.9,90.0,91.0,,346.0,역삼1동
190524153004988,건축/구조물,양식(옥),철근콘크리트조,슬라브가,1.0,18.0,4.0,24515.0,982.0,사용중,0,0,0,135,2019,봄,2,20190524,131400,5,24,13,14,금요일,강남소방서,역삼119안전센터,역삼119안전센터,337,617,서울특별시,강남구,도시,127.0306305,37.4926796,4.0,1.0,0.0,작동기기,불꽃/ 스파크/ 정전기,화학적 요인,화학적 폭발,전기/전자,전기/ 전자기기 케이스,전기설비,무정전전원장치(UPS),,,판매/업무시설,일반업무,일반빌딩,1.0,0.0,N,Y,N,,,,,,30.3,,2.1,200.0,32.0,,898.0,역삼1동
190525182626620,건축/구조물,양식(옥),철근콘크리트조,슬라브가,1.0,18.0,3.0,12415.0,992.0,사용중,0,0,0,1232,2019,봄,2,20190525,162200,5,25,16,22,토요일,강남소방서,역삼119안전센터,역삼119안전센터,400,831,서울특별시,강남구,도시,127.0338823,37.5065991,4.0,2.0,0.0,담뱃불/ 라이터불,담뱃불,부주의,담배꽁초,기타,기타,,,,,주거,공동주택,주상복합아파트,1.0,0.0,N,N,N,,,,,,28.4,,3.3,200.0,19.0,,2000.0,역삼1동
190526213135931,건축/구조물,양식(옥),철근콘크리트조,슬라브가,1.0,5.0,1.0,687.0,118.0,사용중,0,0,0,1759,2019,봄,2,20190526,191200,5,26,19,12,일요일,강남소방서,역삼119안전센터,역삼119안전센터,446,950,서울특별시,강남구,도시,127.0277111,37.5006346,4.0,2.0,0.0,마찰/ 전도/ 복사,화염 전도/복사열,부주의,기타(부주의),종이/목재/건초등,목재/ 합판,,,,,생활서비스,음식점,분식(휴게),-1.0,0.0,N,N,Y,,,,,,25.4,,3.8,290.0,29.0,,1991.0,역삼1동
190604185745108,건축/구조물,양식(옥),철근콘크리트조,슬라브가,1.0,5.0,1.0,744.0,136.0,사용중,0,0,0,43394,2019,여름,2,20190604,144300,6,4,14,43,화요일,강남소방서,역삼119안전센터,역삼119안전센터,404,1947,서울특별시,강남구,도시,127.0419539,37.5089592,3.0,2.0,0.0,작동기기,불꽃/ 스파크/ 정전기,화학적 요인,화학적 폭발,위험물등,기타(위험물등),기타,기타,침구/직물류,의류,생활서비스,일상서비스,세탁소,1.0,15.0,N,N,N,,,,,,28.6,,3.3,270.0,36.0,,1847.0,역삼1동
190606165139860,건축/구조물,양식(옥),철근콘크리트조,슬라브가,1.0,3.0,1.0,372.0,107.0,사용중,0,0,0,241,2019,여름,2,20190606,142100,6,6,14,21,목요일,강남소방서,역삼119안전센터,역삼119안전센터,458,0,서울특별시,강남구,도시,127.0255071,37.503962,4.0,3.0,0.0,작동기기,전기적 아크(단락),전기적 요인,절연열화에 의한 단락,전기/전자,콘센트/ 스위치류,,,,,생활서비스,일상서비스,기타 일상서비스,3.0,2.0,N,N,N,,,,,,25.1,,1.0,20.0,58.0,,595.0,역삼1동
190607221214913,건축/구조물,양식(옥),철근콘크리트조,슬라브가,1.0,8.0,2.0,2978.0,355.0,사용중,0,0,0,5832,2019,여름,2,20190607,193100,6,7,19,31,금요일,강남소방서,역삼119안전센터,역삼119안전센터,226,1847,서울특별시,강남구,도시,127.0302202,37.4936843,5.0,2.0,0.0,작동기기,전기적 아크(단락),전기적 요인,미확인단락,전기/전자,전선피복,조명/ 간판,기타(조명/간판),침구/직물류,기타(침구/직물류),판매/업무시설,일반업무,일반회사,8.0,20.0,N,Y,N,,,,,,23.5,,2.1,70.0,51.0,,2000.0,역삼1동
190614204705667,건축/구조물,양식(옥),철근콘크리트조,슬라브가,1.0,5.0,0.0,480.0,142.0,사용중,0,0,0,175,2019,여름,2,20190614,174400,6,14,17,44,금요일,강남소방서,역삼119안전센터,역삼119안전센터,413,812,서울특별시,강남구,도시,127.0403532,37.5050881,3.0,1.0,0.0,작동기기,전기적 아크(단락),전기적 요인,미확인단락,전기/전자,전선피복,,,,,주거,공동주택,다세대주택,1.0,1.0,N,N,N,,,,,,28.0,,1.9,270.0,36.0,,1817.0,역삼1동
190619093010909,건축/구조물,양식(옥),철근콘크리트조,슬라브가,1.0,3.0,1.0,376.0,97.0,사용중,0,0,0,6964,2019,여름,2,20190619,70200,6,19,7,2,수요일,강남소방서,역삼119안전센터,역삼119안전센터,322,1257,서울특별시,강남구,도시,127.0376932,37.4918936,4.0,1.0,0.0,담뱃불/ 라이터불,담뱃불,부주의,담배꽁초,종이/목재/건초등,종이,,,종이/목재/건초등,종이,주거,단독주택,다가구주택(원룸포함),-1.0,5.0,N,N,N,,,,,,19.1,0.0,1.8,270.0,92.0,,444.0,역삼1동
190620144622715,건축/구조물,양식(옥),철근콘크리트조,슬라브가,1.0,20.0,6.0,31972.0,1275.0,사용중,0,0,0,1022,2019,여름,2,20190620,60000,6,20,6,0,목요일,강남소방서,역삼119안전센터,역삼119안전센터,658,0,서울특별시,강남구,도시,127.0356524,37.5016428,3.0,3.0,0.0,작동기기,기기 전도/복사열,부주의,가연물 근접방치,종이/목재/건초등,종이,주방기기,핫플래이트,,,판매/업무시설,일반업무,일반회사,8.0,2.0,N,Y,N,,,,,,19.9,,1.7,290.0,86.0,,733.0,역삼1동
190624032407115,건축/구조물,양식(옥),철근콘크리트조,슬라브가,1.0,3.0,1.0,377.0,105.0,사용중,0,0,0,4425,2019,여름,2,20190624,14300,6,24,1,43,월요일,강남소방서,역삼119안전센터,역삼119안전센터,301,1304,서울특별시,강남구,도시,127.0377416,37.4941986,4.0,1.0,0.0,작동기기,기기 전도/복사열,기계적 요인,과열/ 과부하,전기/전자,전선피복,계절용 기기,열선,,,주거,단독주택,다가구주택(원룸포함),4.0,0.0,N,N,N,,,,,,22.6,,1.4,270.0,49.0,,2000.0,역삼1동
190626235044335,건축/구조물,양식(옥),철근콘크리트조,슬라브가,1.0,13.0,2.0,4486.0,301.0,사용중,0,0,0,1124,2019,여름,2,20190626,203600,6,26,20,36,수요일,강남소방서,역삼119안전센터,역삼119안전센터,218,1308,서울특별시,강남구,도시,127.0328644,37.4903999,6.0,1.0,0.0,담뱃불/ 라이터불,담뱃불,부주의,담배꽁초,쓰레기류,쓰레기,,,,,판매/업무시설,일반업무,일반빌딩,1.0,0.0,N,N,N,,,,,,26.8,,2.0,90.0,48.0,,1998.0,역삼1동
190708101502298,기타(쓰레기 화재등),,,,,,,,,,0,0,0,107,2019,여름,3,20190707,153000,7,7,15,30,일요일,강남소방서,역삼119안전센터,역삼119안전센터,326,342,서울특별시,강남구,도시,127.044049,37.504097,2.0,1.0,0.0,담뱃불/ 라이터불,담뱃불,부주의,담배꽁초,종이/목재/건초등,종이,,,,,기타,야외,쓰레기,,,N,N,N,,,,,,32.0,,1.9,70.0,30.0,,2000.0,역삼1동
190708132146728,건축/구조물,양식(옥),철근콘크리트조,슬라브가,1.0,4.0,1.0,1532.0,327.0,사용중,0,0,0,72,2019,여름,3,20190708,124200,7,8,12,42,월요일,강남소방서,역삼119안전센터,역삼119안전센터,204,0,서울특별시,강남구,도시,127.0364065,37.4960981,4.0,1.0,0.0,담뱃불/ 라이터불,담뱃불,부주의,담배꽁초,쓰레기류,쓰레기,,,,,주거,공동주택,다세대주택,1.0,1.0,N,N,N,,,,,,27.5,,2.1,90.0,44.0,,2000.0,역삼1동
190710152047286,건축/구조물,양식(옥),철근콘크리트조,슬라브가,1.0,4.0,1.0,480.0,93.0,사용중,0,0,0,229,2019,여름,3,20190710,131800,7,10,13,18,수요일,강남소방서,역삼119안전센터,역삼119안전센터,727,132,서울특별시,강남구,도시,127.0272708,37.503091,4.0,2.0,0.0,작동기기,전기적 아크(단락),전기적 요인,접촉불량에 의한 단락,전기/전자,전선피복,,,,,생활서비스,음식점,한식,1.0,1.0,N,N,N,,,,,,26.7,,2.4,90.0,45.0,,1865.0,역삼1동
190714232216456,건축/구조물,양식(옥),철근콘크리트조,슬라브가,1.0,15.0,1.0,5172.0,268.0,사용중,0,0,0,287,2019,여름,3,20190714,222700,7,14,22,27,일요일,강남소방서,역삼119안전센터,역삼119안전센터,434,629,서울특별시,강남구,도시,127.0446348,37.5045227,2.0,1.0,0.0,작동기기,전기적 아크(단락),전기적 요인,접촉불량에 의한 단락,전기/전자,전선피복,계절용 기기,에어컨,,,판매/업무시설,일반업무,오피스텔,14.0,0.0,N,Y,N,,,,,,24.8,,2.4,270.0,71.0,,511.0,역삼1동
190718095919044,건축/구조물,양식(옥),철근콘크리트조,슬라브가,1.0,1.0,,5.0,5.0,사용중,0,0,0,301,2019,여름,3,20190718,75300,7,18,7,53,목요일,강남소방서,역삼119안전센터,역삼119안전센터,318,0,서울특별시,강남구,도시,127.0360892,37.5019319,3.0,1.0,0.0,작동기기,전기적 아크(단락),전기적 요인,트래킹에 의한 단락,전기/전자,전선피복,,,,,기타서비스,기타건축물,노상매점,1.0,0.0,N,N,N,,,,,,23.8,,0.5,290.0,78.0,,272.0,역삼1동
190720114208818,건축/구조물,양식(옥),철근콘크리트조,슬라브가,1.0,14.0,5.0,16047.0,766.0,사용중,0,0,0,1409,2019,여름,3,20190720,102600,7,20,10,26,토요일,강남소방서,역삼119안전센터,역삼119안전센터,314,1419,서울특별시,강남구,도시,127.0318567,37.4917343,4.0,1.0,0.0,작동기기,기기 전도/복사열,부주의,가연물 근접방치,합성수지,플라스틱/ PVC/ 비닐/ 장판,,,,,생활서비스,음식점,분식,1.0,5.0,N,Y,N,,,,,,26.9,0.0,2.6,90.0,69.0,,2000.0,역삼1동
190721210705798,건축/구조물,양식(옥),철근콘크리트조,슬라브가,1.0,4.0,1.0,467.0,110.0,사용중,0,1,1,20063,2019,여름,3,20190721,100200,7,21,10,2,일요일,강남소방서,역삼119안전센터,역삼119안전센터,257,2319,서울특별시,강남구,도시,127.0387258,37.5057446,3.0,2.0,0.0,작동기기,전기적 아크(단락),전기적 요인,미확인단락,전기/전자,기타(전기/전자),전기설비,배터리충전기,침구/직물류,의류,주거,공동주택,다세대주택,3.0,0.0,N,N,N,,,,,,24.9,0.2,2.4,250.0,94.0,,2000.0,역삼1동
190721184949848,건축/구조물,양식(옥),철근콘크리트조,슬라브가,1.0,15.0,5.0,28687.0,1656.0,사용중,0,0,0,147,2019,여름,3,20190721,120200,7,21,12,2,일요일,강남소방서,역삼119안전센터,역삼119안전센터,234,58,서울특별시,강남구,도시,127.0320407,37.4924153,4.0,1.0,0.0,작동기기,전기적 아크(단락),전기적 요인,접촉불량에 의한 단락,전기/전자,전선피복,,,,,판매/업무시설,일반업무,오피스텔,4.0,1.0,N,N,N,,,,,,25.5,,2.9,230.0,86.0,,1525.0,역삼1동
190802061614759,건축/구조물,양식(옥),철근콘크리트조,슬라브가,1.0,4.0,15.0,12922.0,622.0,사용중,0,0,0,807,2019,여름,3,20190802,35000,8,2,3,50,금요일,강남소방서,역삼119안전센터,역삼119안전센터,258,1126,서울특별시,강남구,도시,127.0297333,37.494649,4.0,1.0,0.0,작동기기,전기적 아크(단락),전기적 요인,절연열화에 의한 단락,전기/전자,전자기기 부속품,주방기기,냉장고,,,판매/업무시설,일반업무,일반빌딩,-3.0,3.0,N,Y,N,,,,,,25.1,,0.5,20.0,95.0,,862.0,역삼1동
190804110212145,건축/구조물,양식(옥),철근콘크리트조,슬라브가,1.0,15.0,7.0,21773.0,1021.0,신축,0,0,0,160,2019,여름,3,20190804,101300,8,4,10,13,일요일,강남소방서,역삼119안전센터,역삼119안전센터,406,550,서울특별시,강남구,도시,127.0318234,37.5063569,4.0,2.0,0.0,불꽃/ 불티,용접/ 절단/ 연마,부주의,용접/ 절단/ 연마,종이/목재/건초등,나무,,,,,기타서비스,기타건축물,기타 건축물,1.0,0.0,N,N,N,,,,,,30.6,,1.7,230.0,58.0,,1467.0,역삼1동
190809071112242,건축/구조물,기타 식,기타 조,기타 즙,1.0,1.0,0.0,3.0,3.0,사용중,0,0,0,333,2019,여름,3,20190809,62100,8,9,6,21,금요일,강남소방서,역삼119안전센터,역삼119안전센터,254,448,서울특별시,강남구,도시,127.0446053,37.5045791,2.0,1.0,0.0,작동기기,기기 전도/복사열,부주의,가연물 근접방치,합성수지,플라스틱/ PVC/ 비닐/ 장판,,,,,기타서비스,기타건축물,노상매점,1.0,0.0,N,N,N,,,,,,26.1,,0.6,50.0,85.0,,892.0,역삼1동
190809211851853,건축/구조물,양식(옥),철근콘크리트조,슬라브가,1.0,5.0,1.0,1214.0,255.0,사용중,0,0,0,7231,2019,여름,3,20190809,185400,8,9,18,54,금요일,강남소방서,역삼119안전센터,역삼119안전센터,318,1202,서울특별시,강남구,도시,127.0340125,37.5026647,4.0,1.0,0.0,작동기기,기기 전도/복사열,부주의,가연물 근접방치,전기/전자,전기/ 전자기기 케이스,주방기기,핫플래이트,,,주거,공동주택,기타 공동주택,5.0,28.0,N,N,N,,,,,,33.0,,2.2,320.0,58.0,,1990.0,역삼1동
190818180519216,건축/구조물,양식(옥),철근콘크리트조,슬라브가,1.0,5.0,1.0,1083.0,192.0,사용중,0,0,0,291,2019,여름,3,20190818,160400,8,18,16,4,일요일,강남소방서,역삼119안전센터,역삼119안전센터,209,729,서울특별시,강남구,도시,127.0358226,37.4967039,4.0,1.0,0.0,마찰/ 전도/ 복사,화염 전도/복사열,부주의,가연물 근접방치,기타,기타,,,,,주거,단독주택,상가주택(주택부분에서 화재가 발생한 경우에만 해당),2.0,1.0,N,N,N,,,,,,30.7,,2.2,270.0,41.0,,1944.0,역삼1동
190819174905652,기타(쓰레기 화재등),,,,,,,,,,0,0,0,29,2019,여름,3,20190819,165900,8,19,16,59,월요일,강남소방서,역삼119안전센터,역삼119안전센터,434,0,서울특별시,강남구,도시,127.0457511,37.5064502,3.0,2.0,0.0,담뱃불/ 라이터불,담뱃불,부주의,담배꽁초,종이/목재/건초등,목재/ 합판,,,,,기타,도로,기타도로,,,N,N,N,,,,,,30.8,,1.0,50.0,39.0,,2000.0,역삼1동
190825194628090,건축/구조물,양식(옥),철근콘크리트조,슬라브가,1.0,6.0,1.0,840.0,177.0,사용중,0,0,0,1016,2019,여름,3,20190825,184900,8,25,18,49,일요일,강남소방서,역삼119안전센터,역삼119안전센터,336,613,서울특별시,강남구,도시,127.0383611,37.5056777,3.0,2.0,0.0,마찰/ 전도/ 복사,화염 전도/복사열,부주의,음식물 조리중,기타,기타,,,,,주거,공동주택,다세대주택,2.0,3.0,N,Y,N,,,,,,28.2,,3.2,290.0,52.0,,2000.0,역삼1동
190904175508103,건축/구조물,양식(옥),벽돌조,스레트가,1.0,3.0,1.0,328.0,109.0,사용중,0,0,0,27,2019,가을,3,20190904,164700,9,4,16,47,수요일,강남소방서,역삼119안전센터,역삼119안전센터,409,823,서울특별시,강남구,도시,127.0344259,37.4959528,4.0,1.0,0.0,작동기기,기기 전도/복사열,부주의,음식물 조리중,식품,음식물,,,,,주거,공동주택,다세대주택,2.0,0.0,N,N,N,,,,,,25.3,0.1,2.3,340.0,84.0,,2000.0,역삼1동
190911081254230,건축/구조물,양식(옥),철근콘크리트조,슬라브가,1.0,22.0,6.0,21484.0,1046.0,사용중,0,0,0,911,2019,가을,3,20190911,63100,9,11,6,31,수요일,강남소방서,역삼119안전센터,역삼119안전센터,320,0,서울특별시,강남구,도시,127.0308441,37.4921585,4.0,1.0,0.0,작동기기,전기적 아크(단락),전기적 요인,접촉불량에 의한 단락,전기/전자,전선피복,,,,,주거,공동주택,기타 공동주택,12.0,3.0,N,Y,N,,,,,,20.6,0.0,3.4,340.0,95.0,,1591.0,역삼1동
190919185105316,건축/구조물,양식(옥),철근콘크리트조,슬라브가,1.0,6.0,1.0,817.0,110.0,사용중,0,0,0,85,2019,가을,3,20190919,175800,9,19,17,58,목요일,강남소방서,역삼119안전센터,역삼119안전센터,142,652,서울특별시,강남구,도시,127.0436499,37.5047674,3.0,1.0,0.0,마찰/ 전도/ 복사,화염 전도/복사열,부주의,불씨/불꽃/화원방치,합성수지,플라스틱/ PVC/ 비닐/ 장판,,,,,생활서비스,음식점,기타 음식점,1.0,0.0,N,N,N,,,,,,24.6,,2.1,290.0,39.0,,2000.0,역삼1동
190925145720694,건축/구조물,양식(옥),철근콘크리트조,슬라브가,1.0,13.0,3.0,4825.0,524.0,신축,0,0,0,2131,2019,가을,3,20190925,133800,9,25,13,38,수요일,강남소방서,역삼119안전센터,역삼119안전센터,257,722,서울특별시,강남구,도시,127.0441531,37.5046256,3.0,1.0,0.0,불꽃/ 불티,용접/ 절단/ 연마,부주의,용접/ 절단/ 연마,합성수지,플라스틱/ PVC/ 비닐/ 장판,,,,,판매/업무시설,일반업무,오피스텔,1.0,0.0,N,N,N,,,,,,25.8,,1.1,20.0,41.0,,1930.0,역삼1동
190929184707555,건축/구조물,양식(옥),철근콘크리트조,슬라브가,1.0,2.0,1.0,384.0,109.0,사용중,0,0,0,107,2019,가을,3,20190929,165100,9,29,16,51,일요일,강남소방서,역삼119안전센터,역삼119안전센터,252,2241,서울특별시,강남구,도시,127.0375591,37.5027056,4.0,1.0,0.0,불꽃/ 불티,굴뚝(연통) 아궁이,부주의,불씨/불꽃/화원방치,기타,기타,,,,,생활서비스,음식점,양식,1.0,0.0,N,N,Y,,,,,,28.0,,2.5,250.0,30.0,,1981.0,역삼1동
190930175128270,건축/구조물,양식(옥),철근콘크리트조,슬라브가,1.0,4.0,1.0,445.0,86.0,사용중,0,1,1,6355,2019,가을,3,20190930,144400,9,30,14,44,월요일,강남소방서,역삼119안전센터,역삼119안전센터,322,2437,서울특별시,강남구,도시,127.0461943,37.5047492,2.0,2.0,0.0,마찰/ 전도/ 복사,화염 전도/복사열,부주의,음식물 조리중,식품,튀김유,,,,,생활서비스,음식점,중식,2.0,20.0,N,N,N,,,,,,29.2,,1.0,230.0,30.0,,1597.0,역삼1동
191002225731133,건축/구조물,양식(옥),철근콘크리트조,슬라브가,1.0,19.0,8.0,50134.0,1471.0,사용중,0,0,0,83,2019,가을,4,20191002,214900,10,2,21,49,수요일,강남소방서,역삼119안전센터,역삼119안전센터,448,841,서울특별시,강남구,도시,127.0293135,37.4977316,4.0,2.0,0.0,마찰/ 전도/ 복사,화염 전도/복사열,부주의,가연물 근접방치,합성수지,플라스틱/ PVC/ 비닐/ 장판,,,,,판매/업무시설,일반업무,오피스텔,10.0,0.0,N,Y,N,,,,,,20.4,1.7,4.1,360.0,95.0,,644.0,역삼1동
191005181103522,건축/구조물,양식(옥),철근콘크리트조,슬라브가,1.0,6.0,1.0,2506.0,503.0,사용중,0,0,0,2632,2019,가을,4,20191005,150700,10,5,15,7,토요일,강남소방서,역삼119안전센터,역삼119안전센터,417,1202,서울특별시,강남구,도시,127.0353608,37.5070032,3.0,2.0,0.0,담뱃불/ 라이터불,담뱃불,부주의,담배꽁초,쓰레기류,쓰레기,,,,,판매/업무시설,판매시설,상가빌딩,1.0,0.0,N,Y,N,,,,,,21.8,,3.7,230.0,63.0,,1013.0,역삼1동
191109202428059,기타(쓰레기 화재등),,,,,,,,,,0,0,0,62,2019,가을,4,20191109,183400,11,9,18,34,토요일,강남소방서,역삼119안전센터,역삼119안전센터,513,0,서울특별시,강남구,도시,127.0305336,37.5047596,4.0,2.0,0.0,담뱃불/ 라이터불,담뱃불,부주의,담배꽁초,쓰레기류,쓰레기,,,,,기타,야외,쓰레기,,1.0,N,N,N,,,,,,13.0,,2.6,270.0,40.0,,1948.0,역삼1동
191202165512829,건축/구조물,양식(옥),철근콘크리트조,슬라브가,1.0,2.0,1.0,352.0,158.0,기타 공사중,0,0,0,7771,2019,겨울,4,20191202,142900,12,2,14,29,월요일,강남소방서,역삼119안전센터,역삼119안전센터,346,4357,서울특별시,강남구,도시,127.0311021,37.5051964,4.0,2.0,0.0,불꽃/ 불티,용접/ 절단/ 연마,부주의,용접/ 절단/ 연마,합성수지,우레탄,산업장비,용접절단기(토치),,,생활서비스,일상서비스,일반상점,1.0,50.0,N,N,N,,,,,,2.6,,5.1,290.0,37.0,,1774.0,역삼1동
191220220518551,건축/구조물,양식(옥),철근콘크리트조,슬라브가,1.0,6.0,1.0,660.0,176.0,사용중,0,0,0,57,2019,겨울,4,20191220,210000,12,20,21,0,금요일,강남소방서,역삼119안전센터,역삼119안전센터,352,948,서울특별시,강남구,도시,127.0395744,37.4936467,4.0,1.0,0.0,마찰/ 전도/ 복사,기타(마찰/전도/복사),부주의,가연물 근접방치,식품,음식물,,,,,주거,공동주택,다세대주택,6.0,0.0,N,Y,N,,,,,,-2.1,,2.1,340.0,39.0,,2000.0,역삼1동
191231023318100,건축/구조물,양식(옥),철근콘크리트조,슬라브가,1.0,6.0,1.0,1042.0,160.0,사용중,0,0,0,844,2019,겨울,4,20191231,10100,12,31,1,1,화요일,강남소방서,역삼119안전센터,역삼119안전센터,115,144,서울특별시,강남구,도시,127.0369108,37.5072425,4.0,2.0,0.0,담뱃불/ 라이터불,담뱃불,부주의,담배꽁초,쓰레기류,쓰레기,,,,,생활서비스,음식점,기타휴게음식점,1.0,1.0,N,Y,N,,,,,,-6.7,,4.0,290.0,56.0,,1636.0,역삼1동
191231055306208,건축/구조물,양식(옥),철근콘크리트조,슬라브가,1.0,5.0,1.0,1214.0,255.0,사용중,0,0,0,996,2019,겨울,4,20191231,32100,12,31,3,21,화요일,강남소방서,역삼119안전센터,역삼119안전센터,445,600,서울특별시,강남구,도시,127.0340125,37.5026647,4.0,2.0,0.0,작동기기,전기적 아크(단락),전기적 요인,미확인단락,전기/전자,기타(전기/전자),차량/ 선박부품,기타(차량/선박부품),,,주거,공동주택,연립주택,4.0,2.0,N,N,N,,,,,,-8.5,0.0,5.7,320.0,53.0,,1214.0,역삼1동
191231055625303,건축/구조물,양식(옥),철근콘크리트조,슬라브가,1.0,9.0,2.0,2945.0,299.0,사용중,0,0,0,100,2019,겨울,4,20191231,35400,12,31,3,54,화요일,강남소방서,역삼119안전센터,역삼119안전센터,324,0,서울특별시,강남구,도시,127.0465685,37.5045615,3.0,1.0,0.0,작동기기,전기적 아크(단락),전기적 요인,접촉불량에 의한 단락,전기/전자,전선피복,,,,,생활서비스,음식점,호프집,-1.0,0.0,N,Y,N,,,,,,-8.5,0.0,5.7,320.0,53.0,,1214.0,역삼1동
200105021258339,기타(쓰레기 화재등),,,,,,,,,,0,0,0,231,2020,겨울,1,20200105,13700,1,5,1,37,일요일,강남소방서,역삼119안전센터,역삼119안전센터,416,326,서울특별시,강남구,도시,127.0371271,37.5029465,3.0,1.0,0.0,담뱃불/ 라이터불,담뱃불,부주의,담배꽁초,종이/목재/건초등,종이,,,,,기타,야외,쓰레기,,,N,N,N,,,,,,-1.0,,1.6,290.0,53.0,,1168.0,역삼1동
200111133113452,건축/구조물,양식(옥),철근콘크리트조,슬라브가,1.0,6.0,1.0,179.0,289.0,사용중,0,0,0,5444,2020,겨울,1,20200111,105300,1,11,10,53,토요일,강남소방서,역삼119안전센터,역삼119안전센터,426,2044,서울특별시,강남구,도시,127.0282712,37.5007812,4.0,2.0,0.0,담뱃불/ 라이터불,담뱃불,부주의,담배꽁초,쓰레기류,쓰레기,,,,,생활서비스,오락시설,기타 오락시설,4.0,10.0,N,Y,N,,,,,,-1.0,,0.1,0.0,70.0,,520.0,역삼1동
200128021404425,건축/구조물,양식(옥),철근콘크리트조,슬라브가,1.0,13.0,4.0,27444.0,2563.0,사용중,0,0,0,55,2020,겨울,1,20200128,11200,1,28,1,12,화요일,강남소방서,역삼119안전센터,역삼119안전센터,423,842,서울특별시,강남구,도시,127.0306402,37.5009678,4.0,2.0,0.0,작동기기,전기적 아크(단락),전기적 요인,접촉불량에 의한 단락,전기/전자,전선피복,,,,,교육시설,연구/학원,교육원,1.0,0.0,N,N,N,,,,,,4.9,,2.6,20.0,65.0,,2000.0,역삼1동
200206130109916,건축/구조물,양식(옥),철근콘크리트조,슬라브가,1.0,10.0,2.0,1999.0,192.0,신축,0,0,0,301,2020,겨울,1,20200206,110800,2,6,11,8,목요일,강남소방서,역삼119안전센터,역삼119안전센터,711,1228,서울특별시,강남구,도시,127.0389204,37.5021829,3.0,1.0,0.0,담뱃불/ 라이터불,담뱃불,부주의,담배꽁초,종이/목재/건초등,톱밥,,,,,판매/업무시설,일반업무,기타 일반업무시설,-1.0,0.0,N,N,N,,,,,,-5.7,,1.7,70.0,34.0,,1931.0,역삼1동
200221150200776,건축/구조물,양식(옥),철근콘크리트조,슬라브가,1.0,17.0,5.0,128512.0,1074.0,신축,0,0,0,180,2020,겨울,1,20200221,131400,2,21,13,14,금요일,강남소방서,역삼119안전센터,역삼119안전센터,439,755,서울특별시,강남구,도시,127.032803,37.5067021,4.0,2.0,0.0,작동기기,전기적 아크(단락),전기적 요인,미확인단락,전기/전자,전선피복,기타,기타,,,기타서비스,기타건축물,기타 건축물,-2.0,0.0,N,N,N,,,,,,9.4,,1.8,50.0,44.0,,505.0,역삼1동
200228211600981,건축/구조물,양식(옥),철근콘크리트조,슬라브가,1.0,3.0,,490.0,290.0,사용중,0,0,0,983,2020,겨울,1,20200228,193200,2,28,19,32,금요일,강남소방서,역삼119안전센터,역삼119안전센터,340,403,서울특별시,강남구,도시,127.0362062,37.4982483,3.0,1.0,0.0,작동기기,전기적 아크(단락),전기적 요인,미확인단락,전기/전자,전선피복,조명/ 간판,기타(조명/간판),,,생활서비스,음식점,한식,3.0,3.0,N,N,N,,,,,,4.6,,0.8,50.0,94.0,,544.0,역삼1동
200303195231236,건축/구조물,양식(옥),철근콘크리트조,슬라브가,1.0,9.0,2.0,2226.0,198.0,사용중,0,0,0,3491,2020,봄,1,20200303,174800,3,3,17,48,화요일,강남소방서,역삼119안전센터,역삼119안전센터,309,1303,서울특별시,강남구,도시,127.0392375,37.5024923,3.0,2.0,0.0,마찰/ 전도/ 복사,화염 전도/복사열,부주의,불씨/불꽃/화원방치,종이/목재/건초등,목재/ 합판,,,,,판매/업무시설,일반업무,일반빌딩,7.0,70.0,N,Y,N,,,,,,9.2,,4.2,290.0,44.0,,796.0,역삼1동
200305181947814,건축/구조물,양식(옥),철근콘크리트조,슬라브가,1.0,5.0,1.0,514.0,94.0,사용중,0,0,0,16334,2020,봄,1,20200305,153400,3,5,15,34,목요일,강남소방서,역삼119안전센터,역삼119안전센터,225,5131,서울특별시,강남구,도시,127.0402722,37.5054155,3.0,2.0,0.0,마찰/ 전도/ 복사,화염 전도/복사열,부주의,음식물 조리중,기타,기타,주방기기,가스오븐,,,생활서비스,음식점,치킨/족발,-1.0,15.0,N,N,N,,,,,,6.1,,3.7,270.0,30.0,,1633.0,역삼1동
200330145337066,기타(쓰레기 화재등),,,,,,,,,,0,0,0,81,2020,봄,1,20200330,133700,3,30,13,37,월요일,강남소방서,역삼119안전센터,역삼119안전센터,232,500,서울특별시,강남구,도시,127.0313512,37.4965795,4.0,1.0,0.0,담뱃불/ 라이터불,담뱃불,부주의,담배꽁초,쓰레기류,쓰레기,,,,,기타,야외,쓰레기,,,N,N,N,,,,,,14.9,,2.7,230.0,19.0,,1380.0,역삼1동
200406194525888,건축/구조물,양식(옥),철근콘크리트조,슬라브가,1.0,19.0,8.0,50134.0,2315.0,사용중,0,0,0,32886,2020,봄,2,20200406,142400,4,6,14,24,월요일,강남소방서,역삼119안전센터,역삼119안전센터,434,10037,서울특별시,강남구,도시,127.0293135,37.4977316,3.0,2.0,0.0,작동기기,기기 전도/복사열,부주의,음식물 조리중,식품,튀김유,,,,,생활서비스,음식점,중식,-1.0,232.0,N,Y,Y,,,,,,15.8,,3.9,270.0,23.0,,1713.0,역삼1동
200426181828664,기타(쓰레기 화재등),,,,,,,,,,0,0,0,437,2020,봄,2,20200426,171800,4,26,17,18,일요일,강남소방서,역삼119안전센터,역삼119안전센터,148,1439,서울특별시,강남구,도시,127.0391653,37.5026361,3.0,1.0,0.0,담뱃불/ 라이터불,담뱃불,부주의,담배꽁초,쓰레기류,쓰레기,,,,,기타,야외,쓰레기,,,N,N,N,,,,,,16.6,,5.3,290.0,26.0,,2000.0,역삼1동
200506040055541,건축/구조물,양식(옥),철근콘크리트조,슬라브가,1.0,5.0,2.0,1744.0,241.0,사용중,0,0,0,242,2020,봄,2,20200506,30300,5,6,3,3,수요일,강남소방서,역삼119안전센터,역삼119안전센터,425,737,서울특별시,강남구,도시,127.0275088,37.4997763,4.0,2.0,0.0,작동기기,기기 전도/복사열,기계적 요인,과열/ 과부하,합성수지,플라스틱/ PVC/ 비닐/ 장판,,,,,생활서비스,음식점,기타 음식점,1.0,0.0,N,Y,N,,,,,,11.9,,0.4,0.0,78.0,,1686.0,역삼1동
200508201209090,건축/구조물,양식(옥),철근콘크리트조,슬라브가,1.0,3.0,1.0,1004.0,183.0,사용중,0,0,0,84,2020,봄,2,20200508,175600,5,8,17,56,금요일,강남소방서,역삼119안전센터,역삼119안전센터,1430,113,서울특별시,강남구,도시,127.0335367,37.4943828,4.0,1.0,0.0,담뱃불/ 라이터불,담뱃불,부주의,담배꽁초,쓰레기류,쓰레기,,,,,생활서비스,음식점,기타 음식점,1.0,2.0,N,N,N,,,,,,22.0,,3.1,290.0,31.0,,1749.0,역삼1동
200512145117360,건축/구조물,양식(옥),철근콘크리트조,슬라브가,1.0,3.0,1.0,182.0,45.0,사용중,0,0,0,270,2020,봄,2,20200512,135400,5,12,13,54,화요일,강남소방서,역삼119안전센터,역삼119안전센터,329,654,서울특별시,강남구,도시,127.0345236,37.495737,4.0,1.0,0.0,작동기기,기기 전도/복사열,부주의,음식물 조리중,식품,튀김유,,,,,생활서비스,음식점,치킨/족발,1.0,0.0,N,N,N,,,,,,15.7,,3.3,250.0,71.0,,982.0,역삼1동
200513182531766,건축/구조물,양식(옥),철근콘크리트조,슬라브가,1.0,3.0,1.0,502.0,137.0,사용중,0,0,0,196,2020,봄,2,20200513,171200,5,13,17,12,수요일,강남소방서,역삼119안전센터,역삼119안전센터,343,1110,서울특별시,강남구,도시,127.0336721,37.4917449,1.0,4.0,0.0,담뱃불/ 라이터불,담뱃불,부주의,담배꽁초,기타,기타,,,,,주거,단독주택,다가구주택(원룸포함),3.0,0.0,N,N,N,,,,,,20.6,,5.0,270.0,26.0,,2000.0,역삼1동
200514003433186,건축/구조물,양식(옥),철근콘크리트조,슬라브가,1.0,6.0,0.0,659.0,191.0,사용중,0,0,0,11,2020,봄,2,20200513,231900,5,13,23,19,수요일,강남소방서,역삼119안전센터,역삼119안전센터,255,444,서울특별시,강남구,도시,127.0471912,37.5062984,3.0,3.0,0.0,마찰/ 전도/ 복사,화염 전도/복사열,부주의,가연물 근접방치,식품,기타(식품),,,,,주거,공동주택,기타 공동주택,3.0,0.0,N,N,N,,,,,,14.9,,0.7,250.0,45.0,,2000.0,역삼1동
200601175240555,건축/구조물,양식(옥),철근콘크리트조,슬라브가,1.0,7.0,3.0,2826.0,235.0,사용중,0,0,0,3110,2020,여름,2,20200601,154800,6,1,15,48,월요일,강남소방서,역삼119안전센터,역삼119안전센터,514,1046,서울특별시,강남구,도시,127.0271791,37.501115,4.0,2.0,0.0,미상(발화원인),미상,미상,미상,미상,미상,기타,기타,,,생활서비스,음식점,기타 음식점,4.0,2.0,N,Y,N,,,,,,23.8,,5.5,270.0,40.0,,2000.0,역삼1동
200605202938798,기타(쓰레기 화재등),,,,,,,,,,0,0,0,29,2020,여름,2,20200605,191300,6,5,19,13,금요일,강남소방서,역삼119안전센터,역삼119안전센터,19,922,서울특별시,강남구,도시,127.0393999,37.4949809,4.0,1.0,0.0,담뱃불/ 라이터불,담뱃불,부주의,담배꽁초,종이/목재/건초등,기타(종이/목재/건초등),,,,,기타,야외,기타야외,,,N,N,N,,,,,,25.8,,3.3,290.0,60.0,,1322.0,역삼1동
200610182932726,건축/구조물,양식(옥),철근콘크리트조,슬라브가,1.0,5.0,1.0,103.0,168.0,사용중,0,0,0,48,2020,여름,2,20200610,172200,6,10,17,22,수요일,강남소방서,역삼119안전센터,역삼119안전센터,457,240,서울특별시,강남구,도시,127.0439973,37.5040868,2.0,1.0,0.0,작동기기,전기적 아크(단락),전기적 요인,트래킹에 의한 단락,전기/전자,콘센트/ 스위치류,배선/배선기구,콘센트,,,생활서비스,일상서비스,편의점,1.0,0.0,N,Y,N,,,,,,28.7,,3.4,320.0,55.0,,2000.0,역삼1동
200611205414804,건축/구조물,양식(옥),철근콘크리트조,슬라브가,1.0,3.0,1.0,507.0,121.0,사용중,0,0,0,90,2020,여름,2,20200611,195900,6,11,19,59,목요일,강남소방서,역삼119안전센터,역삼119안전센터,156,556,서울특별시,강남구,도시,127.0266479,37.5040285,4.0,3.0,0.0,담뱃불/ 라이터불,담뱃불,부주의,담배꽁초,쓰레기류,쓰레기,,,,,주거,공동주택,다세대주택,1.0,1.0,N,N,N,,,,,,29.1,,2.3,320.0,49.0,,2000.0,역삼1동
200614220707224,건축/구조물,양식(옥),철근콘크리트조,슬라브가,1.0,14.0,5.0,16047.0,786.0,사용중,0,0,0,411,2020,여름,2,20200614,205500,6,14,20,55,일요일,강남소방서,역삼119안전센터,역삼119안전센터,331,1250,서울특별시,강남구,도시,127.0319854,37.4916754,4.0,1.0,0.0,마찰/ 전도/ 복사,화염 전도/복사열,부주의,음식물 조리중,합성수지,플라스틱/ PVC/ 비닐/ 장판,,,,,판매/업무시설,일반업무,오피스텔,9.0,1.0,N,Y,N,,,,,,23.0,,4.1,270.0,72.0,,1319.0,역삼1동
200616005524909,기타(쓰레기 화재등),,,,,,,,,,0,0,0,16,2020,여름,2,20200616,200,6,16,0,2,화요일,강남소방서,역삼119안전센터,역삼119안전센터,428,500,서울특별시,강남구,도시,127.0266852,37.5029105,2.0,4.0,0.0,담뱃불/ 라이터불,담뱃불,부주의,담배꽁초,쓰레기류,쓰레기,,,,,기타,야외,쓰레기,,,N,N,N,,,,,,21.1,,2.9,270.0,78.0,,1036.0,역삼1동
200616193529599,건축/구조물,양식(옥),철근콘크리트조,슬라브가,1.0,2.0,1.0,271.0,136.0,사용중,0,0,0,305,2020,여름,2,20200616,173100,6,16,17,31,화요일,강남소방서,역삼119안전센터,역삼119안전센터,434,850,서울특별시,강남구,도시,127.0274021,37.4999849,2.0,5.0,0.0,담뱃불/ 라이터불,담뱃불,부주의,담배꽁초,쓰레기류,쓰레기,,,,,생활서비스,음식점,양식,2.0,0.0,N,N,N,,,,,,29.6,,3.7,290.0,49.0,,707.0,역삼1동
200717224026598,건축/구조물,양식(옥),철근콘크리트조,슬라브가,1.0,5.0,1.0,639.0,137.0,사용중,0,0,0,199,2020,여름,3,20200717,201000,7,17,20,10,금요일,강남소방서,역삼119안전센터,역삼119안전센터,51,4042,서울특별시,강남구,도시,127.0431519,37.5050468,3.0,1.0,0.0,작동기기,기기 전도/복사열,전기적 요인,기타(전기적요인),전기/전자,전선피복,,,,,생활서비스,오락시설,노래연습장업,-1.0,0.0,N,N,Y,,,,,,26.7,,2.4,270.0,69.0,,1446.0,역삼1동
200719094834855,건축/구조물,양식(옥),철근콘크리트조,슬라브가,1.0,3.0,1.0,509.0,129.0,사용중,0,0,0,581,2020,여름,3,20200719,71300,7,19,7,13,일요일,강남소방서,역삼119안전센터,역삼119안전센터,329,2445,서울특별시,강남구,도시,127.03895,37.5031542,3.0,1.0,0.0,미상(발화원인),미상,미상,미상,기타,기타,계절용 기기,환풍기/송풍기/공조기,,,생활서비스,음식점,일반주점,3.0,0.0,N,N,N,,,,,,22.5,1.2,2.5,50.0,82.0,,700.0,역삼1동
200727144750788,건축/구조물,양식(옥),철근콘크리트조,슬라브가,1.0,5.0,2.0,1487.0,221.0,사용중,0,0,0,24,2020,여름,3,20200727,103300,7,27,10,33,월요일,강남소방서,역삼119안전센터,역삼119안전센터,154,1939,서울특별시,강남구,도시,127.032867,37.5006594,3.0,3.0,0.0,작동기기,전기적 아크(단락),전기적 요인,층간단락,전기/전자,작동장치(모터/ 히터/ 램프 등),,,,,판매/업무시설,일반업무,일반회사,5.0,0.0,N,N,N,,,,,,24.3,0.0,2.8,50.0,84.0,,2000.0,역삼1동
200729044547750,건축/구조물,양식(옥),철근콘크리트조,슬라브가,1.0,3.0,1.0,495.0,118.0,사용중,0,0,0,97,2020,여름,3,20200729,35000,7,29,3,50,수요일,강남소방서,역삼119안전센터,역삼119안전센터,421,128,서울특별시,강남구,도시,127.0388808,37.5033014,3.0,1.0,0.0,작동기기,기기 전도/복사열,부주의,음식물 조리중,식품,음식물,,,,,생활서비스,음식점,기타 음식점,2.0,0.0,N,N,N,,,,,,23.1,3.4,2.3,70.0,96.0,,1300.0,역삼1동
200801031815588,건축/구조물,양식(옥),철근콘크리트조,슬라브가,1.0,16.0,6.0,38336.0,1425.0,사용중,0,0,0,4500,2020,여름,3,20200801,5600,8,1,0,56,토요일,강남소방서,역삼119안전센터,역삼119안전센터,257,4519,서울특별시,강남구,도시,127.0325016,37.4909106,5.0,1.0,0.0,작동기기,전기적 아크(단락),전기적 요인,트래킹에 의한 단락,전기/전자,전자기기 부속품,생활기기,기타(생활기기),,,판매/업무시설,일반업무,오피스텔,11.0,45.0,N,Y,N,,,,,,25.0,1.0,3.4,320.0,90.0,,852.0,역삼1동
200819204604112,건축/구조물,양식(옥),철근콘크리트조,슬라브가,1.0,6.0,0.0,596.0,125.0,사용중,0,0,0,321,2020,여름,3,20200819,183100,8,19,18,31,수요일,강남소방서,역삼119안전센터,역삼119안전센터,822,1137,서울특별시,강남구,도시,127.0427905,37.5089501,3.0,2.0,0.0,작동기기,전기적 아크(단락),전기적 요인,접촉불량에 의한 단락,전기/전자,전선피복,계절용 기기,에어컨,전기/전자,전기/ 전자기기 기판,판매/업무시설,일반업무,일반회사,3.0,0.0,N,N,N,,,,,,29.9,,2.9,290.0,63.0,,1337.0,역삼1동
200820141839623,건축/구조물,양식(옥),철근콘크리트조,슬라브가,1.0,5.0,1.0,1169.0,190.0,사용중,0,0,0,24,2020,여름,3,20200820,104700,8,20,10,47,목요일,강남소방서,역삼119안전센터,역삼119안전센터,156,1457,서울특별시,강남구,도시,127.0311303,37.4945069,5.0,2.0,0.0,작동기기,전기적 아크(단락),전기적 요인,접촉불량에 의한 단락,전기/전자,전선피복,,,,,생활서비스,음식점,한식,1.0,0.0,N,N,N,,,,,,27.8,,1.1,200.0,75.0,,1002.0,역삼1동
200829143251613,건축/구조물,양식(옥),철근콘크리트조,슬라브가,1.0,4.0,1.0,997.0,205.0,사용중,0,0,0,50,2020,여름,3,20200829,131200,8,29,13,12,토요일,강남소방서,역삼119안전센터,역삼119안전센터,403,0,서울특별시,강남구,도시,127.0351307,37.49882,3.0,1.0,0.0,작동기기,전기적 아크(단락),전기적 요인,트래킹에 의한 단락,전기/전자,전선피복,조명/ 간판,기타(조명/간판),,,생활서비스,위락시설,단란주점,-1.0,0.0,N,N,Y,,,,,,26.5,1.3,0.8,90.0,91.0,,973.0,역삼1동
200903091206420,건축/구조물,양식(옥),철근콘크리트조,슬라브가,1.0,4.0,1.0,1208.0,248.0,사용중,0,0,0,4512,2020,가을,3,20200903,64800,9,3,6,48,목요일,강남소방서,역삼119안전센터,역삼119안전센터,423,2542,서울특별시,강남구,도시,127.0441509,37.5042474,2.0,1.0,0.0,작동기기,전기적 아크(단락),전기적 요인,미확인단락,전기/전자,전선피복,,,,,판매/업무시설,일반업무,일반빌딩,-1.0,50.0,N,Y,N,,,,,,20.3,3.0,4.9,290.0,97.0,,1055.0,역삼1동
200904125202098,건축/구조물,양식(옥),철근콘크리트조,슬라브가,1.0,5.0,1.0,1456.0,260.0,사용중,0,0,0,255,2020,가을,3,20200904,111500,9,4,11,15,금요일,강남소방서,역삼119안전센터,역삼119안전센터,319,925,서울특별시,강남구,도시,127.0364442,37.4962882,4.0,1.0,0.0,작동기기,기기 전도/복사열,부주의,가연물 근접방치,종이/목재/건초등,종이,주방기기,핫플래이트,종이/목재/건초등,종이,주거,단독주택,상가주택(주택부분에서 화재가 발생한 경우에만 해당),3.0,1.0,N,Y,N,,,,,,24.0,,2.8,250.0,63.0,,1846.0,역삼1동
200910210112195,건축/구조물,양식(옥),철근콘크리트조,슬라브가,1.0,4.0,1.0,705.0,182.0,사용중,0,0,0,41,2020,가을,3,20200910,200000,9,10,20,0,목요일,강남소방서,역삼119안전센터,역삼119안전센터,402,328,서울특별시,강남구,도시,127.0434203,37.5064436,3.0,1.0,0.0,작동기기,기기 전도/복사열,부주의,음식물 조리중,식품,음식물,,,,,주거,단독주택,다가구주택(원룸포함),-1.0,0.0,N,N,N,,,,,,23.5,,1.7,270.0,68.0,,1782.0,역삼1동
200920104826330,자동차/철도차량,,,,,,,,,,0,0,0,2310,2020,가을,3,20200920,91400,9,20,9,14,일요일,강남소방서,역삼119안전센터,역삼119안전센터,118,532,서울특별시,강남구,도시,127.0433678,37.5100127,3.0,2.0,0.0,작동기기,전기적 아크(단락),전기적 요인,접촉불량에 의한 단락,자동차/철도차량/선박/항공기,전기배선,차량/ 선박부품,배선,,,자동차/철도차량,자동차,오토바이,,,N,N,N,,일반도로,기타차량위치,,,18.8,,2.1,290.0,59.0,,1958.0,역삼1동
200921021641592,기타(쓰레기 화재등),,,,,,,,,,0,0,0,13961,2020,가을,3,20200920,232900,9,20,23,29,일요일,강남소방서,역삼119안전센터,역삼119안전센터,238,2713,서울특별시,강남구,도시,127.0339582,37.5008766,4.0,2.0,0.0,담뱃불/ 라이터불,담뱃불,부주의,담배꽁초,쓰레기류,재활용,,,,,기타,야외,쓰레기,,25.0,N,N,N,,,,,,17.8,,1.5,290.0,67.0,,2000.0,역삼1동
200921131354078,건축/구조물,양식(옥),철근콘크리트조,슬라브가,1.0,20.0,5.0,13209.0,945.0,신축,0,0,0,1718,2020,가을,3,20200921,103200,9,21,10,32,월요일,강남소방서,역삼119안전센터,역삼119안전센터,234,900,서울특별시,강남구,도시,127.0392448,37.5072722,3.0,2.0,0.0,불꽃/ 불티,용접/ 절단/ 연마,부주의,용접/ 절단/ 연마,합성수지,우레탄,산업장비,용접절단기(토치),,,판매/업무시설,일반업무,오피스텔,20.0,10.0,N,N,N,,,,,,19.3,,1.6,70.0,59.0,,1959.0,역삼1동
200922201957857,건축/구조물,양식(옥),철근콘크리트조,슬라브가,1.0,6.0,1.0,2382.0,366.0,사용중,0,0,0,13150,2020,가을,3,20200922,164400,9,22,16,44,화요일,강남소방서,역삼119안전센터,역삼119안전센터,202,3533,서울특별시,강남구,도시,127.0393605,37.4924925,4.0,1.0,0.0,담뱃불/ 라이터불,라이터불/ 성냥불,방화,방화,침구/직물류,의류,,,침구/직물류,의류,생활서비스,일상서비스,기타 일상서비스,2.0,80.0,N,Y,N,,,,,,25.2,,3.8,50.0,40.0,,1998.0,역삼1동
200924125942635,건축/구조물,양식(옥),철근콘크리트조,슬라브가,1.0,24.0,6.0,62725.0,2218.0,사용중,0,0,0,6058,2020,가을,3,20200924,90900,9,24,9,9,목요일,강남소방서,역삼119안전센터,역삼119안전센터,327,3100,서울특별시,강남구,도시,127.0349391,37.4997053,3.0,1.0,0.0,작동기기,기기 전도/복사열,부주의,음식물 조리중,식품,튀김유,,,기타,기타,생활서비스,음식점,중식,1.0,0.0,N,Y,Y,,,,,,20.3,,3.4,50.0,61.0,,2000.0,역삼1동
201006012022289,건축/구조물,양식(옥),철근콘크리트조,슬라브가,1.0,3.0,1.0,372.0,107.0,사용중,0,0,0,55,2020,가을,4,20201006,1900,10,6,0,19,화요일,강남소방서,역삼119안전센터,역삼119안전센터,400,759,서울특별시,강남구,도시,127.0255071,37.503962,5.0,5.0,0.0,작동기기,전기적 아크(단락),전기적 요인,트래킹에 의한 단락,전기/전자,전선피복,,,,,생활서비스,음식점,일반주점,-1.0,0.0,N,N,N,,,,,,12.1,,1.2,250.0,68.0,,1108.0,역삼1동
201011001502931,기타(쓰레기 화재등),,,,,,,,,,0,0,0,25,2020,가을,4,20201010,225000,10,10,22,50,토요일,강남소방서,역삼119안전센터,역삼119안전센터,533,0,서울특별시,강남구,도시,127.027272,37.5008857,4.0,2.0,0.0,담뱃불/ 라이터불,담뱃불,부주의,담배꽁초,쓰레기류,기타 쓰레기,,,간판/차양막등,플래카드,기타,야외,쓰레기,,,N,N,N,,,,,,16.4,,1.1,20.0,64.0,,2000.0,역삼1동
201021173349690,기타(쓰레기 화재등),,,,,,,,,,0,0,0,320,2020,가을,4,20201021,140300,10,21,14,3,수요일,강남소방서,역삼119안전센터,역삼119안전센터,315,1837,서울특별시,강남구,도시,127.0327544,37.5066369,5.0,3.0,0.0,불꽃/ 불티,용접/ 절단/ 연마,부주의,용접/ 절단/ 연마,합성수지,스티로폼,,,,,기타,야외,기타야외,,,N,N,N,,,,,,16.6,,2.1,90.0,61.0,,1200.0,역삼1동
201101180041038,건축/구조물,양식(옥),철근콘크리트조,슬라브가,1.0,2.0,1.0,248.0,83.0,사용중,0,0,0,1694,2020,가을,4,20201101,155600,11,1,15,56,일요일,강남소방서,역삼119안전센터,역삼119안전센터,246,1303,서울특별시,강남구,도시,127.0342028,37.5053196,4.0,2.0,0.0,작동기기,전기적 아크(단락),전기적 요인,절연열화에 의한 단락,전기/전자,전선피복,,,,,주거,공동주택,다세대주택,2.0,2.0,N,N,N,,,,,,13.3,11.5,2.1,200.0,96.0,,265.0,역삼1동
201104150506831,건축/구조물,양식(옥),철근콘크리트조,슬라브가,1.0,6.0,1.0,762.0,129.0,사용중,0,0,0,8435,2020,가을,4,20201104,103000,11,4,10,30,수요일,강남소방서,역삼119안전센터,역삼119안전센터,206,4135,서울특별시,강남구,도시,127.0386805,37.4947967,4.0,1.0,0.0,작동기기,기기 전도/복사열,기계적 요인,과열/ 과부하,전기/전자,작동장치(모터/ 히터/ 램프 등),산업장비,히터/히터봉/가열장치,,,생활서비스,음식점,일식,1.0,0.0,N,N,N,,,,,,3.9,,3.7,290.0,31.0,,2000.0,역삼1동
201107123321951,건축/구조물,양식(옥),철근콘크리트조,슬라브가,1.0,18.0,5.0,16539.0,718.0,사용중,0,0,0,1584,2020,가을,4,20201107,100000,11,7,10,0,토요일,강남소방서,역삼119안전센터,역삼119안전센터,219,5648,서울특별시,강남구,도시,127.0276228,37.4989401,4.0,2.0,0.0,작동기기,기기 전도/복사열,기계적 요인,과열/ 과부하,전기/전자,작동장치(모터/ 히터/ 램프 등),,,,,판매/업무시설,일반업무,일반빌딩,18.0,0.0,N,N,N,,,,,,13.9,,3.9,290.0,79.0,,440.0,역삼1동
201110155712660,기타(쓰레기 화재등),,,,,,,,,,0,0,0,11,2020,가을,4,20201110,140200,11,10,14,2,화요일,강남소방서,역삼119안전센터,역삼119안전센터,451,853,서울특별시,강남구,도시,127.0288242,37.5044868,3.0,4.0,0.0,담뱃불/ 라이터불,담뱃불,부주의,담배꽁초,쓰레기류,쓰레기,,,,,기타,야외,쓰레기,,,N,N,N,,,,,,12.0,,3.2,290.0,35.0,,2000.0,역삼1동
201128153001523,건축/구조물,양식(옥),철근콘크리트조,슬라브가,1.0,5.0,1.0,2518.0,398.0,사용중,0,0,0,125,2020,가을,4,20201128,114300,11,28,11,43,토요일,강남소방서,역삼119안전센터,역삼119안전센터,359,605,서울특별시,강남구,도시,127.0292744,37.4995332,4.0,2.0,0.0,작동기기,전기적 아크(단락),전기적 요인,미확인단락,전기/전자,기타(전기/전자),,,,,생활서비스,음식점,커피숍/다방/카페(휴게),1.0,0.0,N,Y,N,,,,,,0.4,,3.1,290.0,43.0,,2000.0,역삼1동
201129134655212,건축/구조물,양식(옥),철근콘크리트조,슬라브가,1.0,4.0,1.0,733.0,140.0,사용중,0,0,0,8,2020,가을,4,20201129,125200,11,29,12,52,일요일,강남소방서,역삼119안전센터,역삼119안전센터,240,500,서울특별시,강남구,도시,127.0376245,37.4975686,3.0,1.0,0.0,담뱃불/ 라이터불,담뱃불,부주의,담배꽁초,종이/목재/건초등,나무,,,,,생활서비스,음식점,한식,1.0,1.0,N,N,N,,,,,,1.7,,2.5,320.0,56.0,,2000.0,역삼1동
201208181648413,건축/구조물,양식(옥),철근콘크리트조,슬라브가,1.0,7.0,4.0,5309.0,324.0,사용중,0,0,0,872,2020,겨울,4,20201208,171800,12,8,17,18,화요일,강남소방서,역삼119안전센터,역삼119안전센터,420,921,서울특별시,강남구,도시,127.0410523,37.5066013,3.0,1.0,0.0,담뱃불/ 라이터불,담뱃불,부주의,담배꽁초,종이/목재/건초등,종이,,,,,판매/업무시설,일반업무,일반빌딩,7.0,0.0,N,Y,N,,,,,,2.3,,2.7,290.0,36.0,,2000.0,역삼1동
201216101705874,건축/구조물,양식(옥),철근콘크리트조,슬라브가,,14.0,7.0,23691.0,1967.0,사용중,0,0,0,500459,2020,겨울,4,20201215,231200,12,15,23,12,화요일,강남소방서,역삼119안전센터,역삼119안전센터,218,114858,서울특별시,강남구,도시,127.0412877,37.5046476,3.0,2.0,0.0,작동기기,전기적 아크(단락),전기적 요인,미확인단락,전기/전자,콘센트/ 스위치류,,,,,판매/업무시설,일반업무,기타 일반업무시설,-3.0,1000.0,N,Y,N,,,,,,-8.7,,2.4,20.0,58.0,0.8,2000.0,역삼1동
201220212134596,건축/구조물,양식(옥),철근콘크리트조,슬라브가,1.0,115.0,3.0,13427.0,885.0,사용중,0,0,0,1630,2020,겨울,4,20201220,192800,12,20,19,28,일요일,강남소방서,역삼119안전센터,역삼119안전센터,324,2202,서울특별시,강남구,도시,127.0314042,37.4913424,5.0,2.0,0.0,작동기기,전기적 아크(단락),전기적 요인,미확인단락,합성수지,플라스틱/ PVC/ 비닐/ 장판,계절용 기기,공기청정기,,,판매/업무시설,일반업무,일반빌딩,2.0,10.0,N,Y,N,,,,,,-1.8,,3.1,250.0,54.0,,2000.0,역삼1동
201225192205156,건축/구조물,양식(옥),철근콘크리트조,슬라브가,1.0,4.0,1.0,504.0,115.0,사용중,0,0,0,13,2020,겨울,4,20201225,182300,12,25,18,23,금요일,강남소방서,역삼119안전센터,역삼119안전센터,313,852,서울특별시,강남구,도시,127.0393459,37.5040057,3.0,1.0,0.0,작동기기,기기 전도/복사열,부주의,음식물 조리중,식품,음식물,,,,,주거,기타주택,기타 주택,2.0,0.0,N,N,N,,,,,,1.2,,2.2,250.0,43.0,,2000.0,역삼1동
201226175313618,건축/구조물,양식(옥),철근콘크리트조,슬라브가,1.0,36.0,7.0,96578.0,2246.0,신축,0,0,0,107,2020,겨울,4,20201226,161100,12,26,16,11,토요일,강남소방서,역삼119안전센터,역삼119안전센터,219,644,서울특별시,강남구,도시,127.0410482,37.502999,3.0,2.0,0.0,불꽃/ 불티,용접/ 절단/ 연마,부주의,용접/ 절단/ 연마,침구/직물류,의류,기타,기타,,,판매/업무시설,숙박시설,호텔,29.0,3.0,N,N,N,,,,,,7.1,,2.7,290.0,50.0,,1331.0,역삼1동
201227032535540,건축/구조물,양식(옥),철근콘크리트조,슬라브가,1.0,13.0,5.0,21304.0,1111.0,사용중,0,0,0,0,2020,겨울,4,20201227,22000,12,27,2,20,일요일,강남소방서,역삼119안전센터,역삼119안전센터,321,2457,서울특별시,강남구,도시,127.0329241,37.4986607,4.0,1.0,0.0,마찰/ 전도/ 복사,화염 전도/복사열,부주의,불씨/불꽃/화원방치,종이/목재/건초등,종이,,,,,판매/업무시설,일반업무,오피스텔,2.0,0.0,N,Y,N,,,,,,1.4,,1.7,50.0,71.0,,1177.0,역삼1동
201227231529235,기타(쓰레기 화재등),,,,,,,,,,0,0,0,67,2020,겨울,4,20201227,215800,12,27,21,58,일요일,강남소방서,역삼119안전센터,역삼119안전센터,246,612,서울특별시,강남구,도시,127.0361929,37.4963954,4.0,1.0,0.0,담뱃불/ 라이터불,담뱃불,부주의,담배꽁초,쓰레기류,재활용,,,,,기타,야외,쓰레기,,,N,N,N,,,,,,7.1,0.0,2.0,290.0,58.0,,1545.0,역삼1동
201228183141896,건축/구조물,양식(옥),철근콘크리트조,슬라브가,1.0,7.0,2.0,2229.0,302.0,사용중,0,0,0,293,2020,겨울,4,20201228,171600,12,28,17,16,월요일,강남소방서,역삼119안전센터,역삼119안전센터,336,1134,서울특별시,강남구,도시,127.0356912,37.5025424,3.0,1.0,0.0,담뱃불/ 라이터불,담뱃불,부주의,담배꽁초,쓰레기류,쓰레기,,,,,판매/업무시설,일반업무,일반빌딩,5.0,1.0,N,Y,N,,,,,,9.6,,2.7,290.0,54.0,,1164.0,역삼1동
210104102524685,기타(쓰레기 화재등),,,,,,,,,,0,0,0,148219,2021,겨울,1,20210104,10400,1,4,1,4,월요일,강남소방서,영동119안전센터,영동119안전센터,255,103413,서울특별시,강남구,도시,127.0398422,37.5029775,3.0,2.0,0.0,담뱃불/ 라이터불,담뱃불,부주의,담배꽁초,종이/목재/건초등,종이,,,,,기타,야외,쓰레기,,,N,N,N,,,,,,-6.5,,1.3,340.0,49.0,,2000.0,역삼1동
210106175345474,건축/구조물,양식(옥),철근콘크리트조,슬라브가,1.0,3.0,2.0,149.0,651.0,사용중,0,0,0,5967,2021,겨울,1,20210106,152400,1,6,15,24,수요일,강남소방서,역삼119안전센터,역삼119안전센터,339,1944,서울특별시,강남구,도시,127.0385592,37.5039273,3.0,2.0,0.0,담뱃불/ 라이터불,촛불,부주의,불씨/불꽃/화원방치,침구/직물류,이불(베개/시트),,,,,생활서비스,음식점,호프집,-2.0,42.0,N,N,Y,,,,,,-2.3,,1.9,230.0,26.0,,2000.0,역삼1동
210107235423548,기타(쓰레기 화재등),,,,,,,,,,0,0,0,20003,2021,겨울,1,20210107,204900,1,7,20,49,목요일,강남소방서,역삼119안전센터,역삼119안전센터,111,4723,서울특별시,강남구,도시,127.0372276,37.5025947,1.0,3.0,0.0,담뱃불/ 라이터불,담뱃불,부주의,담배꽁초,쓰레기류,재활용,,,전기/전자,전선피복,기타,야외,기타야외,,35.0,N,N,N,,,,,,-14.6,,1.4,340.0,47.0,1.1,2000.0,역삼1동
210111140656724,건축/구조물,양식(옥),철근콘크리트조,슬라브가,1.0,5.0,1.0,1716.0,313.0,사용중,0,0,0,9,2021,겨울,1,20210111,124200,1,11,12,42,월요일,강남소방서,역삼119안전센터,역삼119안전센터,214,704,서울특별시,강남구,도시,127.0387175,37.4962432,3.0,1.0,0.0,작동기기,전기적 아크(단락),전기적 요인,과부하/과전류,전기/전자,콘센트/ 스위치류,,,,,판매/업무시설,일반업무,일반회사,2.0,0.0,N,Y,N,,,,,,-6.1,,2.6,50.0,63.0,0.4,1821.0,역삼1동
210113214039055,자동차/철도차량,,,,,,,,,,0,0,0,2750,2021,겨울,1,20210113,184600,1,13,18,46,수요일,강남소방서,역삼119안전센터,역삼119안전센터,338,821,서울특별시,강남구,도시,127.0339702,37.4967597,4.0,1.0,0.0,작동기기,전기적 아크(단락),전기적 요인,트래킹에 의한 단락,전기/전자,전기/ 전자기기 기판,차량/ 선박부품,기타(차량/선박부품),,,자동차/철도차량,자동차,승용자동차,,,N,N,N,,일반도로,엔진룸,,,6.9,,2.2,230.0,77.0,,1299.0,역삼1동
210116133139207,건축/구조물,양식(옥),철근콘크리트조,슬라브가,,9.0,3.0,6089.0,621.0,사용중,0,0,0,1093,2021,겨울,1,20210116,120100,1,16,12,1,토요일,강남소방서,역삼119안전센터,역삼119안전센터,419,1905,서울특별시,강남구,도시,127.0336379,37.4971759,4.0,1.0,0.0,작동기기,기기 전도/복사열,부주의,가연물 근접방치,종이/목재/건초등,종이,,,,,주거,공동주택,기타 공동주택,8.0,5.0,N,Y,N,,,,,,-3.6,,2.7,290.0,55.0,,1849.0,역삼1동
210118235412609,기타(쓰레기 화재등),,,,,,,,,,0,0,0,51,2021,겨울,1,20210118,230800,1,18,23,8,월요일,강남소방서,역삼119안전센터,역삼119안전센터,134,459,서울특별시,강남구,도시,127.0387801,37.5028321,3.0,1.0,0.0,담뱃불/ 라이터불,담뱃불,부주의,담배꽁초,쓰레기류,쓰레기,,,,,기타,야외,쓰레기,,,N,N,N,,,,,,-8.4,,2.7,270.0,44.0,,2000.0,역삼1동
210120132938142,건축/구조물,양식(옥),벽돌조,와가,1.0,2.0,1.0,311.0,136.0,사용중,0,0,0,874,2021,겨울,1,20210120,122200,1,20,12,22,수요일,강남소방서,역삼119안전센터,역삼119안전센터,437,4937,서울특별시,강남구,도시,127.0273311,37.5026505,4.0,2.0,0.0,마찰/ 전도/ 복사,화염 전도/복사열,부주의,음식물 조리중,기타,기타,,,,,생활서비스,음식점,한식,1.0,0.0,N,N,N,,,,,,1.5,,3.1,70.0,32.0,,2000.0,역삼1동
210121005834684,건축/구조물,양식(옥),철근콘크리트조,슬라브가,1.0,7.0,1.0,1794.0,254.0,사용중,0,0,0,118134,2021,겨울,1,20210120,183900,1,20,18,39,수요일,강남소방서,역삼119안전센터,역삼119안전센터,438,13231,서울특별시,강남구,도시,127.0386458,37.50666,3.0,2.0,0.0,작동기기,기기 전도/복사열,부주의,음식물 조리중,식품,튀김유,,,,,주거,공동주택,아파트,5.0,153.0,N,Y,N,,,,,,4.1,,2.5,50.0,30.0,,2000.0,역삼1동
210128184412386,건축/구조물,양식(옥),철근콘크리트조,슬라브가,1.0,5.0,0.0,704.0,141.0,사용중,0,0,0,241,2021,겨울,1,20210128,154400,1,28,15,44,목요일,강남소방서,역삼119안전센터,역삼119안전센터,858,252,서울특별시,강남구,도시,127.0309479,37.4969754,4.0,4.0,0.0,담뱃불/ 라이터불,담뱃불,부주의,담배꽁초,쓰레기류,쓰레기,,,,,판매/업무시설,일반업무,일반회사,4.0,1.0,N,Y,N,,,,,,0.0,,4.3,270.0,44.0,1.0,2000.0,역삼1동
210128185830401,건축/구조물,양식(옥),철근콘크리트조,슬라브가,1.0,4.0,1.0,430.0,99.0,사용중,0,0,0,3567,2021,겨울,1,20210128,160300,1,28,16,3,목요일,강남소방서,역삼119안전센터,역삼119안전센터,458,1745,서울특별시,강남구,도시,127.0456117,37.5058449,2.0,1.0,0.0,작동기기,전기적 아크(단락),전기적 요인,압착/손상에 의한 단락,합성수지,스티로폼,,,,,주거,단독주택,다가구주택(원룸포함),4.0,15.0,N,N,N,,,,,,-1.3,,5.4,270.0,41.0,0.8,2000.0,역삼1동
210201004548008,건축/구조물,양식(옥),철근콘크리트조,슬라브가,1.0,3.0,1.0,478.0,138.0,사용중,0,0,0,1873,2021,겨울,1,20210131,231900,1,31,23,19,일요일,강남소방서,역삼119안전센터,역삼119안전센터,415,1058,서울특별시,강남구,도시,127.0280549,37.5001045,4.0,2.0,0.0,마찰/ 전도/ 복사,화염 전도/복사열,부주의,가연물 근접방치,기타,기타,,,가구,침대/ 매트리스,주거,단독주택,상가주택(주택부분에서 화재가 발생한 경우에만 해당),3.0,48.0,N,N,N,,,,,,5.8,,1.3,50.0,60.0,,2000.0,역삼1동
210202205747839,건축/구조물,양식(옥),철근콘크리트조,슬라브가,,3.0,1.0,531.0,89.0,사용중,0,2,2,22073,2021,겨울,1,20210202,164600,2,2,16,46,화요일,강남소방서,역삼119안전센터,역삼119안전센터,356,2915,서울특별시,강남구,도시,127.0438132,37.5076333,3.0,2.0,0.0,미상(발화원인),미상,미상,미상,미상,미상,,,,,주거,단독주택,단독주택,-1.0,37.0,N,N,N,,,,,,-2.5,,4.3,230.0,41.0,,2000.0,역삼1동
210207192141962,기타(쓰레기 화재등),,,,,,,,,,0,0,0,184,2021,겨울,1,20210207,152900,2,7,15,29,일요일,강남소방서,역삼119안전센터,역삼119안전센터,435,1402,서울특별시,강남구,도시,127.0258298,37.5046527,5.0,3.0,0.0,작동기기,전기적 아크(단락),전기적 요인,접촉불량에 의한 단락,전기/전자,전선피복,,,,,기타,도로,기타도로,,,N,N,N,,,,,,7.4,,3.5,270.0,36.0,,2000.0,역삼1동
210220214929925,건축/구조물,양식(옥),철근콘크리트조,슬라브가,1.0,6.0,1.0,1115.0,191.0,사용중,0,0,0,207,2021,겨울,1,20210220,205400,2,20,20,54,토요일,강남소방서,역삼119안전센터,역삼119안전센터,239,3517,서울특별시,강남구,도시,127.0467498,37.5058634,3.0,2.0,0.0,작동기기,기기 전도/복사열,부주의,가연물 근접방치,합성수지,플라스틱/ PVC/ 비닐/ 장판,,,,,주거,단독주택,상가주택(주택부분에서 화재가 발생한 경우에만 해당),2.0,0.0,N,Y,N,,,,,,9.1,,1.5,250.0,32.0,,2000.0,역삼1동
210329141210570,건축/구조물,양식(옥),철근콘크리트조,슬라브가,1.0,3.0,1.0,504.0,43.0,사용중,0,0,0,30,2021,봄,1,20210329,114100,3,29,11,41,월요일,강남소방서,역삼119안전센터,역삼119안전센터,311,1553,서울특별시,강남구,도시,127.0330705,37.5006306,6.0,3.0,0.0,작동기기,전기적 아크(단락),전기적 요인,층간단락,전기/전자,전선피복,,,,,생활서비스,위락시설,기타 위락시설,-1.0,0.0,N,N,N,,,,,,12.4,,4.0,320.0,46.0,,1467.0,역삼1동
210418214053305,건축/구조물,양식(옥),철근콘크리트조,슬라브가,,8.0,,1947.0,248.0,사용중,0,0,0,163,2021,봄,2,20210418,202700,4,18,20,27,일요일,강남소방서,역삼119안전센터,역삼119안전센터,224,900,서울특별시,강남구,도시,127.0316975,37.4923601,4.0,2.0,0.0,담뱃불/ 라이터불,담뱃불,부주의,담배꽁초,종이/목재/건초등,기타(종이/목재/건초등),,,,,생활서비스,음식점,한식,1.0,0.0,N,N,N,,,,,,10.6,,3.5,180.0,69.0,,2000.0,역삼1동
210427160356641,건축/구조물,양식(옥),철근콘크리트조,슬라브가,1.0,12.0,4.0,24533.0,1408.0,사용중,0,1,1,1996,2021,봄,2,20210427,122300,4,27,12,23,화요일,강남소방서,역삼119안전센터,역삼119안전센터,429,3831,서울특별시,강남구,도시,127.035062,37.4985461,3.0,2.0,0.0,작동기기,불꽃/ 스파크/ 정전기,기계적 요인,오일/연료누설,위험물등,기타 제4류 위험물,,,,,생활서비스,일상서비스,세탁소,-1.0,3.0,N,Y,N,,,,,,17.1,,2.6,200.0,50.0,,2000.0,역삼1동
210506011756151,건축/구조물,기타 식,컨테이너조,컨테이너,1.0,1.0,0.0,5.0,0.0,사용중,0,0,0,1311,2021,봄,2,20210505,225300,5,5,22,53,수요일,강남소방서,역삼119안전센터,역삼119안전센터,237,1031,서울특별시,강남구,도시,127.0291502,37.4953111,4.0,3.0,0.0,작동기기,기기 전도/복사열,부주의,음식물 조리중,식품,튀김유,,,,,기타서비스,기타건축물,기타 건축물,1.0,0.0,N,N,N,,,,,,12.3,,1.7,200.0,57.0,,2000.0,역삼1동
210506223424610,건축/구조물,양식(옥),철근콘크리트조,슬라브가,1.0,5.0,1.0,787.0,165.0,사용중,0,1,1,4906,2021,봄,2,20210506,180100,5,6,18,1,목요일,강남소방서,역삼119안전센터,역삼119안전센터,236,4634,서울특별시,강남구,도시,127.0346222,37.4965506,4.0,1.0,0.0,미상(발화원인),미상,가스누출(폭발),가스누출(폭발),미상,미상,,,,,주거,단독주택,다가구주택(원룸포함),4.0,0.0,N,N,N,,,,,,19.8,,3.7,200.0,29.0,,2000.0,역삼1동
210514164015525,건축/구조물,양식(옥),철근콘크리트조,슬라브가,1.0,6.0,2.0,1430.0,192.0,사용중,0,0,0,445,2021,봄,2,20210514,124000,5,14,12,40,금요일,강남소방서,역삼119안전센터,역삼119안전센터,350,613,서울특별시,강남구,도시,127.0345914,37.4911851,5.0,1.0,0.0,작동기기,전기적 아크(단락),전기적 요인,과부하/과전류,전기/전자,전선피복,,,,,생활서비스,음식점,한식,1.0,1.0,N,Y,N,,,,,,27.2,,1.6,110.0,46.0,,2000.0,역삼1동
210602203758742,건축/구조물,양식(옥),철근콘크리트조,슬라브가,1.0,3.0,1.0,545.0,139.0,사용중,0,0,0,177,2021,여름,2,20210602,194500,6,2,19,45,수요일,강남소방서,역삼119안전센터,역삼119안전센터,336,807,서울특별시,강남구,도시,127.033094,37.4914923,5.0,1.0,0.0,담뱃불/ 라이터불,라이터불/ 성냥불,부주의,담배꽁초,합성수지,플라스틱/ PVC/ 비닐/ 장판,,,,,주거,단독주택,다가구주택(원룸포함),4.0,1.0,N,N,N,,,,,,26.5,,2.8,270.0,49.0,,2000.0,역삼1동
210605035611444,건축/구조물,양식(옥),철근콘크리트조,슬라브가,1.0,15.0,7.0,23101.0,996.0,사용중,0,0,0,242,2021,여름,2,20210605,23500,6,5,2,35,토요일,강남소방서,역삼119안전센터,역삼119안전센터,407,2511,서울특별시,강남구,도시,127.0297864,37.4970326,4.0,2.0,0.0,작동기기,기기 전도/복사열,전기적 요인,기타(전기적요인),전기/전자,기타(전기/전자),생활기기,전동킥보드,,,생활서비스,음식점,양식,1.0,0.0,N,N,N,,,,,,17.4,,2.8,180.0,71.0,,2000.0,역삼1동
210608182946827,기타(쓰레기 화재등),,,,,,,,,,0,0,0,396,2021,여름,2,20210608,171700,6,8,17,17,화요일,강남소방서,역삼119안전센터,역삼119안전센터,211,647,서울특별시,강남구,도시,127.034332,37.4925608,5.0,1.0,0.0,담뱃불/ 라이터불,담뱃불,부주의,담배꽁초,쓰레기류,재활용,,,,,기타,야외,쓰레기,,1.0,N,N,N,,,,,,26.4,,3.0,270.0,68.0,,1263.0,역삼1동
210612003839644,건축/구조물,양식(옥),철근콘크리트조,슬라브가,1.0,6.0,2.0,2147.0,265.0,사용중,0,0,0,195,2021,여름,2,20210611,225100,6,11,22,51,금요일,강남소방서,역삼119안전센터,역삼119안전센터,404,331,서울특별시,강남구,도시,127.0471024,37.5065058,2.0,2.0,0.0,담뱃불/ 라이터불,담뱃불,부주의,담배꽁초,쓰레기류,쓰레기,,,,,판매/업무시설,일반업무,일반빌딩,1.0,1.0,N,Y,N,,,,,,20.7,,1.7,290.0,87.0,,1115.0,역삼1동
210615095520283,기타(쓰레기 화재등),,,,,,,,,,0,0,0,30,2021,여름,2,20210615,84100,6,15,8,41,화요일,강남소방서,역삼119안전센터,역삼119안전센터,415,500,서울특별시,강남구,도시,127.0345567,37.4989871,3.0,2.0,0.0,담뱃불/ 라이터불,담뱃불,부주의,담배꽁초,종이/목재/건초등,목재/ 합판,,,,,기타,야외,기타야외,,,N,N,N,,,,,,21.9,0.0,2.6,70.0,87.0,,890.0,역삼1동
210617152342766,건축/구조물,양식(옥),철근콘크리트조,슬라브가,1.0,3.0,1.0,520.0,128.0,사용중,0,0,0,258,2021,여름,2,20210617,140700,6,17,14,7,목요일,강남소방서,역삼119안전센터,역삼119안전센터,351,921,서울특별시,강남구,도시,127.0387448,37.4946754,4.0,1.0,0.0,작동기기,전기적 아크(단락),전기적 요인,미확인단락,합성수지,플라스틱/ PVC/ 비닐/ 장판,,,,,주거,단독주택,다가구주택(원룸포함),-1.0,2.0,N,N,N,,,,,,24.1,,2.0,110.0,61.0,,2000.0,역삼1동
210621174920077,기타(쓰레기 화재등),,,,,,,,,,0,0,0,55,2021,여름,2,20210621,162000,6,21,16,20,월요일,강남소방서,역삼119안전센터,역삼119안전센터,603,334,서울특별시,강남구,도시,127.0339024,37.4975537,3.0,1.0,0.0,담뱃불/ 라이터불,담뱃불,부주의,담배꽁초,쓰레기류,쓰레기,,,,,기타,야외,쓰레기,,1.0,N,N,N,,,,,,27.8,,3.2,250.0,49.0,,2000.0,역삼1동
210625105757379,기타(쓰레기 화재등),,,,,,,,,,0,0,0,372,2021,여름,2,20210625,100400,6,25,10,4,금요일,강남소방서,역삼119안전센터,역삼119안전센터,348,702,서울특별시,강남구,도시,127.0286557,37.4999206,4.0,1.0,0.0,담뱃불/ 라이터불,담뱃불,부주의,담배꽁초,종이/목재/건초등,종이,,,,,기타,야외,쓰레기,,,N,N,N,,,,,,25.4,,1.8,200.0,60.0,,1818.0,역삼1동
210626174000425,기타(쓰레기 화재등),,,,,,,,,,0,1,1,396,2021,여름,2,20210626,161200,6,26,16,12,토요일,강남소방서,삼성119안전센터,삼성119안전센터,416,1334,서울특별시,강남구,도시,127.0444556,37.5053048,3.0,1.0,0.0,작동기기,전기적 아크(단락),부주의,기기(전기/ 기계 등) 사용.설치부주의,전기/전자,전자기기 부속품,,,,,기타,야외,기타야외,,,N,N,N,,,,,,26.5,,2.3,70.0,65.0,,2000.0,역삼1동
210716014138559,건축/구조물,양식(옥),철근콘크리트조,슬라브가,1.0,10.0,1.0,1996.0,342.0,사용중,0,0,0,102,2021,여름,3,20210716,2200,7,16,0,22,금요일,강남소방서,역삼119안전센터,역삼119안전센터,419,1145,서울특별시,강남구,도시,127.0351812,37.4993176,2.0,2.0,0.0,담뱃불/ 라이터불,담뱃불,부주의,담배꽁초,쓰레기류,쓰레기,,,,,판매/업무시설,일반업무,일반회사,10.0,1.0,N,N,N,,,,,,25.9,,2.0,50.0,77.0,,2000.0,역삼1동
210720043802037,건축/구조물,양식(옥),철근콘크리트조,슬라브가,1.0,21.0,7.0,36531.0,1447.0,사용중,0,0,0,1386,2021,여름,3,20210720,30200,7,20,3,2,화요일,강남소방서,역삼119안전센터,역삼119안전센터,342,451,서울특별시,강남구,도시,127.0406729,37.5024002,2.0,1.0,0.0,작동기기,전기적 아크(단락),전기적 요인,접촉불량에 의한 단락,전기/전자,전선피복,계절용 기기,에어컨,,,판매/업무시설,일반업무,일반빌딩,4.0,5.0,N,Y,N,,,,,,24.1,,1.8,20.0,92.0,,2000.0,역삼1동
210720170335381,기타(쓰레기 화재등),,,,,,,,,,0,0,0,1655,2021,여름,3,20210720,145800,7,20,14,58,화요일,강남소방서,역삼119안전센터,역삼119안전센터,536,0,서울특별시,강남구,도시,127.0322796,37.5027217,4.0,3.0,0.0,담뱃불/ 라이터불,담뱃불,부주의,담배꽁초,쓰레기류,기타 쓰레기,,,,,기타,야외,쓰레기,,,N,N,N,,,,,,31.2,,2.9,340.0,62.0,,2000.0,역삼1동
210724173200476,건축/구조물,양식(옥),철근콘크리트조,슬라브가,1.0,5.0,1.0,892.0,166.0,사용중,0,1,1,6307,2021,여름,3,20210724,143900,7,24,14,39,토요일,강남소방서,역삼119안전센터,역삼119안전센터,500,4219,서울특별시,강남구,도시,127.035481,37.5056782,4.0,2.0,0.0,담뱃불/ 라이터불,담뱃불,부주의,담배꽁초,침구/직물류,이불(베개/시트),,,,,주거,공동주택,다세대주택,2.0,20.0,N,N,N,,,,,,35.6,,3.2,140.0,40.0,,2000.0,역삼1동
210731174529259,건축/구조물,양식(옥),철근콘크리트조,슬라브가,1.0,4.0,1.0,668.0,114.0,사용중,0,0,0,160,2021,여름,3,20210731,153900,7,31,15,39,토요일,강남소방서,역삼119안전센터,역삼119안전센터,457,603,서울특별시,강남구,도시,127.0277642,37.5001689,4.0,2.0,0.0,작동기기,전기적 아크(단락),전기적 요인,접촉불량에 의한 단락,전기/전자,전선피복,전기설비,계량기,,,생활서비스,음식점,호프집,1.0,0.0,N,Y,N,,,,,,34.2,,3.0,230.0,55.0,,2000.0,역삼1동
210808182608795,건축/구조물,양식(옥),철근콘크리트조,슬라브가,1.0,12.0,2.0,3858.0,273.0,사용중,0,0,0,3650,2021,여름,3,20210808,163900,8,8,16,39,일요일,강남소방서,역삼119안전센터,역삼119안전센터,311,2000,서울특별시,강남구,도시,127.0316768,37.4996037,3.0,1.0,0.0,작동기기,기기 전도/복사열,화학적 요인,자연발화,침구/직물류,의류,의료장비,기타(의료장비),,,의료/복지시설,의료시설,병원,10.0,15.0,N,Y,N,,,,,,26.8,11.5,3.0,270.0,84.0,,1500.0,역삼1동
210809171529908,기타(쓰레기 화재등),,,,,,,,,,0,0,0,35,2021,여름,3,20210809,153900,8,9,15,39,월요일,강남소방서,역삼119안전센터,역삼119안전센터,409,400,서울특별시,강남구,도시,127.0365481,37.5077958,4.0,1.0,0.0,담뱃불/ 라이터불,담뱃불,부주의,담배꽁초,쓰레기류,쓰레기,,,,,기타,야외,쓰레기,,,N,N,N,,,,,,33.3,,2.2,340.0,44.0,,2000.0,역삼1동
210825220520460,건축/구조물,양식(옥),철근콘크리트조,슬라브가,1.0,5.0,1.0,1733.0,288.0,사용중,0,0,0,487,2021,여름,3,20210825,184500,8,25,18,45,수요일,강남소방서,역삼119안전센터,역삼119안전센터,350,639,서울특별시,강남구,도시,127.0336023,37.5010472,3.0,1.0,0.0,미상(발화원인),미상,미상,미상,침구/직물류,의류,,,,,판매/업무시설,일반업무,일반빌딩,1.0,0.0,N,Y,N,,,,,,26.3,,2.5,160.0,75.0,,2000.0,역삼1동
211006024019478,건축/구조물,양식(옥),철근콘크리트조,슬라브가,1.0,6.0,0.0,612.0,153.0,사용중,0,0,0,9,2021,가을,4,20211006,13100,10,6,1,31,수요일,강남소방서,역삼119안전센터,역삼119안전센터,219,800,서울특별시,강남구,도시,127.0332879,37.4972913,4.0,2.0,0.0,담뱃불/ 라이터불,담뱃불,부주의,담배꽁초,쓰레기류,쓰레기,,,,,주거,공동주택,다세대주택,2.0,0.0,N,Y,N,,,,,,21.5,,0.4,0.0,87.0,,2000.0,역삼1동
211010190442948,건축/구조물,양식(옥),철근콘크리트조,슬라브가,1.0,4.0,1.0,645.0,141.0,사용중,0,0,0,20,2021,가을,4,20211010,175100,10,10,17,51,일요일,강남소방서,역삼119안전센터,역삼119안전센터,406,746,서울특별시,강남구,도시,127.0348202,37.5021137,4.0,1.0,0.0,불꽃/ 불티,굴뚝(연통) 아궁이,부주의,불씨/불꽃/화원방치,종이/목재/건초등,톱밥,,,,,주거,단독주택,다가구주택(원룸포함),-1.0,0.0,N,N,N,,,,,,19.7,0.1,3.5,290.0,94.0,,1827.0,역삼1동
211021002338111,건축/구조물,양식(옥),치장벽돌조,슬라브가,1.0,2.0,1.0,328.0,193.0,사용중,0,0,0,25981,2021,가을,4,20211020,194400,10,20,19,44,수요일,강남소방서,역삼119안전센터,역삼119안전센터,503,1900,서울특별시,강남구,도시,127.0291682,37.502426,4.0,3.0,0.0,작동기기,전기적 아크(단락),전기적 요인,미확인단락,전기/전자,전기/ 전자기기 기판,조명/ 간판,LED조명,,,주거,단독주택,단독주택,2.0,80.0,N,N,N,,,,,,10.9,,3.1,270.0,63.0,,2000.0,역삼1동
211027211409063,건축/구조물,양식(옥),철근콘크리트조,슬라브가,1.0,7.0,3.0,2629.0,296.0,사용중,0,0,0,310,2021,가을,4,20211027,181600,10,27,18,16,수요일,강남소방서,역삼119안전센터,역삼119안전센터,403,1015,서울특별시,강남구,도시,127.039336,37.5030024,3.0,1.0,0.0,미상(발화원인),미상,미상,미상,기타,기타,,,,,판매/업무시설,일반업무,일반빌딩,1.0,1.0,N,N,N,,,,,,14.8,,2.1,270.0,39.0,,2000.0,역삼1동
211119191627518,건축/구조물,양식(옥),철근콘크리트조,슬라브가,1.0,6.0,1.0,1291.0,191.0,사용중,0,0,0,1636,2021,가을,4,20211119,162500,11,19,16,25,금요일,강남소방서,역삼119안전센터,역삼119안전센터,652,900,서울특별시,강남구,도시,127.0328284,37.5009009,4.0,4.0,0.0,작동기기,기기 전도/복사열,부주의,음식물 조리중,식품,튀김유,,,,,판매/업무시설,판매시설,상가빌딩,1.0,5.0,N,N,N,,,,,,16.0,,3.1,200.0,66.0,,641.0,역삼1동
211125081552622,건축/구조물,양식(옥),철근콘크리트조,슬라브가,1.0,3.0,1.0,276.0,80.0,사용중,0,0,0,50,2021,가을,4,20211125,71600,11,25,7,16,목요일,강남소방서,역삼119안전센터,역삼119안전센터,437,1056,서울특별시,강남구,도시,127.0279982,37.5004099,4.0,2.0,0.0,작동기기,기기 전도/복사열,부주의,음식물 조리중,식품,음식물,,,,,생활서비스,음식점,일반주점,1.0,0.0,N,N,N,,,,,,4.0,,0.5,340.0,81.0,,2000.0,역삼1동
211129160442434,건축/구조물,양식(옥),철근콘크리트조,슬라브가,1.0,9.0,4.0,7613.0,481.0,사용중,0,0,0,24,2021,가을,4,20211129,125400,11,29,12,54,월요일,강남소방서,역삼119안전센터,역삼119안전센터,453,616,서울특별시,강남구,도시,127.038229,37.4957588,4.0,0.0,0.0,작동기기,전기적 아크(단락),전기적 요인,접촉불량에 의한 단락,전기/전자,전선피복,,,,,판매/업무시설,일반업무,일반빌딩,4.0,0.0,N,Y,N,,,,,,9.7,,1.5,70.0,56.0,,1968.0,역삼1동
211129161219012,건축/구조물,양식(옥),철근콘크리트조,슬라브가,1.0,6.0,2.0,1593.0,192.0,사용중,0,0,0,38,2021,가을,4,20211129,145700,11,29,14,57,월요일,강남소방서,역삼119안전센터,역삼119안전센터,424,920,서울특별시,강남구,도시,127.0295743,37.5052791,2.0,4.0,0.0,담뱃불/ 라이터불,기타(담뱃불/라이터불),부주의,불씨/불꽃/화원방치,합성수지,플라스틱/ PVC/ 비닐/ 장판,,,,,판매/업무시설,일반업무,일반빌딩,-1.0,1.0,N,N,N,,,,,,12.6,,0.9,340.0,49.0,,2000.0,역삼1동
211203082806021,건축/구조물,양식(옥),철근콘크리트조,슬라브가,1.0,5.0,1.0,540.0,75.0,사용중,0,0,0,81,2021,겨울,4,20211203,63200,12,3,6,32,금요일,강남소방서,역삼119안전센터,역삼119안전센터,314,744,서울특별시,강남구,도시,127.0382295,37.4946601,4.0,1.0,0.0,작동기기,전기적 아크(단락),전기적 요인,과부하/과전류,전기/전자,전기/ 전자기기 케이스,,,,,주거,단독주택,상가주택(주택부분에서 화재가 발생한 경우에만 해당),5.0,0.0,N,N,N,,,,,,2.7,0.0,2.5,320.0,69.0,,2000.0,역삼1동
211211185400199,건축/구조물,양식(옥),철근콘크리트조,슬라브가,1.0,5.0,1.0,606.0,116.0,사용중,0,0,0,206,2021,겨울,4,20211211,131300,12,11,13,13,토요일,강남소방서,역삼119안전센터,역삼119안전센터,322,2229,서울특별시,강남구,도시,127.0356954,37.5062025,3.0,2.0,0.0,미상(발화원인),미상,가스누출(폭발),가스누출(폭발),전기/전자,전선피복,,,,,주거,공동주택,다세대주택,3.0,1.0,N,N,N,,,,,,8.7,,2.0,270.0,70.0,,671.0,역삼1동
211222101327072,건축/구조물,양식(옥),철근콘크리트조,슬라브가,1.0,4.0,1.0,466.0,93.0,사용중,0,0,0,45,2021,겨울,4,20211222,90800,12,22,9,8,수요일,강남소방서,역삼119안전센터,역삼119안전센터,249,109,서울특별시,강남구,도시,127.0380359,37.4946084,4.0,1.0,0.0,작동기기,기기 전도/복사열,기계적 요인,과열/ 과부하,합성수지,플라스틱/ PVC/ 비닐/ 장판,기타,기타,,,생활서비스,음식점,횟집,1.0,0.0,N,N,N,,,,,,-1.3,,2.9,50.0,54.0,,2000.0,역삼1동
211229205702620,기타(쓰레기 화재등),,,,,,,,,,0,0,0,45,2021,겨울,4,20211229,194600,12,29,19,46,수요일,강남소방서,역삼119안전센터,역삼119안전센터,314,1318,서울특별시,강남구,도시,127.0438193,37.5062349,3.0,1.0,0.0,작동기기,기기 전도/복사열,기계적 요인,과열/ 과부하,종이/목재/건초등,종이,,,,,기타,야외,쓰레기,,,N,N,N,,,,,,2.3,,3.8,250.0,57.0,,1297.0,역삼1동
211230091459510,건축/구조물,양식(옥),철근콘크리트조,슬라브가,1.0,20.0,6.0,1915030.0,504.0,사용중,0,0,0,948,2021,겨울,4,20211230,74700,12,30,7,47,목요일,강남소방서,역삼119안전센터,역삼119안전센터,443,747,서울특별시,강남구,도시,127.0332056,37.4993193,3.0,1.0,0.0,작동기기,기기 전도/복사열,기계적 요인,과열/ 과부하,합성수지,플라스틱/ PVC/ 비닐/ 장판,주방기기,냉장고,,,판매/업무시설,일반업무,일반빌딩,7.0,3.0,N,Y,N,,,,,,-6.6,,1.9,270.0,59.0,,2000.0,역삼1동
220101090955661,건축/구조물,양식(옥),철근콘크리트조,슬라브가,1.0,17.0,5.0,12986.17,586.51,사용중,0,0,0,184,2022,겨울,1,20220101,74000,1,1,7,40,토요일,강남소방서,역삼119안전센터,,447,904,서울특별시,강남구,도시,127.032746,37.506684,3.6,1.8,0.0,작동기기,기기 전도/복사열/기기발열,부주의,불씨/불꽃/화원방치,침구/직물류,기타(침구/직물류),,,,,주거,공동주택,주상복합아파트,,1.0,N,Y,N,N,,,,,-10.1,,1.9,50.0,55.0,,2000.0,역삼1동
220111002129825,기타(쓰레기 화재등),,,,,,,,,,0,0,0,19,2022,겨울,1,20220110,233000,1,10,23,30,월요일,강남소방서,역삼119안전센터,,448,420,서울특별시,강남구,도시,127.04498,37.506242,2.4,1.4,0.0,담뱃불/ 라이터불,담뱃불,부주의,담배꽁초,쓰레기류,재활용,,,,,기타,야외,쓰레기,,,N,N,N,N,,,,,0.3,,1.9,250.0,82.0,0.2,258.0,역삼1동
220123161034319,건축/구조물,양식(옥),철근콘크리트조,슬라브가,1.0,6.0,2.0,2794.09,370.09,사용중,0,0,0,64,2022,겨울,1,20220123,150300,1,23,15,3,일요일,강남소방서,역삼119안전센터,,457,657,서울특별시,강남구,도시,127.02614,37.503344,4.3,2.4,0.0,작동기기,기기 전도/복사열/기기발열,부주의,음식물 조리중,식품,튀김유,,,,,판매/업무시설,판매시설,상가빌딩,,0.0,N,Y,N,N,,,,,6.1,,2.0,250.0,46.0,,1169.0,역삼1동
220126125404177,건축/구조물,양식(옥),철근콘크리트조,슬라브가,1.0,4.0,1.0,465.7,93.14,사용중,0,0,0,62,2022,겨울,1,20220126,113200,1,26,11,32,수요일,강남소방서,역삼119안전센터,,238,845,서울특별시,강남구,도시,127.038046,37.494602,3.7,0.5,0.0,작동기기,기기 전도/복사열/기기발열,기계적 요인,과열/ 과부하,합성수지,플라스틱/ PVC/ 비닐/ 장판,,,,,생활서비스,음식점,일식,,0.0,N,N,N,N,,,,,2.2,,2.5,290.0,62.0,,1467.0,역삼1동
220128192404741,건축/구조물,양식(옥),철근콘크리트조,슬라브가,1.0,2.0,2.0,567.08,129.78,사용중,0,0,0,17971,2022,겨울,1,20220128,164000,1,28,16,40,금요일,강남소방서,역삼119안전센터,,608,1600,서울특별시,강남구,도시,127.029002,37.501544,3.8,1.8,0.0,마찰/ 전도/ 복사,화염 전도/복사열,부주의,유류 취급중,위험물등,기타 제4류 위험물,계절용 기기,기타(계절용기기),침구/직물류,커튼,주거,단독주택,다가구주택,,5.0,N,N,N,N,,,,,1.5,,3.6,290.0,34.0,,2000.0,역삼1동
220129224928374,건축/구조물,양식(옥),철근콘크리트조,슬라브가,1.0,19.0,2.0,4746.31,302.42,사용중,0,0,0,2756,2022,겨울,1,20220129,183800,1,29,18,38,토요일,강남소방서,역삼119안전센터,,453,1841,서울특별시,강남구,도시,127.030127,37.505917,4.3,2.8,0.0,불꽃/ 불티,기타(불꽃/불티),부주의,불씨/불꽃/화원방치,쓰레기류,쓰레기,,,,,판매/업무시설,일반업무,오피스텔,,3.0,N,Y,N,N,,,,,-0.9,,2.7,270.0,32.0,,2000.0,역삼1동
220204231942072,기타(쓰레기 화재등),,,,,,,,,,0,0,0,77,2022,겨울,1,20220204,222600,2,4,22,26,금요일,강남소방서,역삼119안전센터,,308,345,서울특별시,강남구,도시,127.02843,37.498567,4.7,1.8,0.0,담뱃불/ 라이터불,담뱃불,부주의,담배꽁초,쓰레기류,재활용,,,,,기타,야외,쓰레기,,,N,N,N,N,,,,,-7.7,,2.5,290.0,55.0,,2000.0,역삼1동
220209150439817,건축/구조물,양식(옥),철근콘크리트조,슬라브가,1.0,13.0,5.0,8903.51,509.01,신축,0,0,0,239,2022,겨울,1,20220209,133700,2,9,13,37,수요일,강남소방서,역삼119안전센터,,412,838,서울특별시,강남구,도시,127.036547,37.507793,3.9,2.2,0.0,작동기기,불꽃/ 스파크/ 정전기,부주의,용접/ 절단/ 연마,침구/직물류,부직포,,,,,판매/업무시설,일반업무,일반빌딩,,0.0,N,N,N,N,,,,,5.1,,1.9,50.0,36.0,,2000.0,역삼1동
220210180610171,건축/구조물,양식(옥),철근콘크리트조,슬라브가,1.0,15.0,3.0,5860.62,353.5,사용중,0,0,0,5100,2022,겨울,1,20220210,154000,2,10,15,40,목요일,강남소방서,역삼119안전센터,,846,558,서울특별시,강남구,도시,127.028521,37.498667,3.7,1.7,0.0,담뱃불/ 라이터불,담뱃불,부주의,담배꽁초,종이/목재/건초등,기타(종이/목재/건초등),,,,,판매/업무시설,일반업무,기타 일반업무시설,,0.0,N,N,N,N,,,,,6.4,,3.7,290.0,37.0,,2000.0,역삼1동
220214023211811,건축/구조물,양식(옥),철근콘크리트조,슬라브가,,5.0,1.0,801.48,142.14,사용중,0,0,0,1328,2022,겨울,1,20220214,3200,2,14,0,32,월요일,강남소방서,역삼119안전센터,,211,2240,서울특별시,강남구,도시,127.04012,37.504043,2.8,1.1,0.0,마찰/ 전도/ 복사,화염 전도/복사열,부주의,음식물 조리중,식품,튀김유,,,,,생활서비스,음식점,중식,,0.0,N,N,N,N,,,,,2.4,,1.2,50.0,60.0,,2000.0,역삼1동
220215203437949,건축/구조물,양식(옥),철근콘크리트조,슬라브가,1.0,12.0,2.0,17708.61,1345.57,사용중,0,0,0,48295,2022,겨울,1,20220215,170300,2,15,17,3,화요일,강남소방서,역삼119안전센터,,252,10703,서울특별시,강남구,도시,127.03301,37.491981,2.3,4.8,0.0,작동기기,기기 전도/복사열/기기발열,부주의,음식물 조리중,식품,튀김유,주방기기,가스렌지,,,주거,공동주택,주상복합아파트,,30.0,N,Y,N,N,,,,,-3.2,,3.5,250.0,52.0,,2000.0,역삼1동
220219215511086,건축/구조물,양식(옥),철근콘크리트조,슬라브가,1.0,16.0,3.0,8527.58,429.68,사용중,0,0,0,178,2022,겨울,1,20220219,203000,2,19,20,30,토요일,강남소방서,역삼119안전센터,,502,929,서울특별시,강남구,도시,127.029486,37.505616,3.8,2.0,0.0,불꽃/ 불티,모닥불/ 연탄/ 숯,방화의심,방화의심,기타,기타,,,,,판매/업무시설,숙박시설,호텔,,1.0,N,Y,N,N,,,,,-2.8,,6.6,290.0,54.0,,2000.0,역삼1동
220228235151275,건축/구조물,양식(옥),철근콘크리트조,슬라브가,,5.0,2.0,1346.21,226.6,사용중,0,0,0,387,2022,겨울,1,20220228,224400,2,28,22,44,월요일,강남소방서,역삼119안전센터,,451,607,서울특별시,강남구,도시,127.027394,37.501581,5.0,2.2,0.0,작동기기,전기적 아크(단락),전기적 요인,미확인단락,기타,기타,,,,,주거,공동주택,연립주택,,0.0,N,N,N,N,,,,,6.5,,1.0,180.0,45.0,,2000.0,역삼1동
220302194340116,건축/구조물,양식(옥),철근콘크리트조,슬라브가,1.0,7.0,2.0,1736.94,256.38,사용중,0,0,0,5,2022,봄,1,20220302,183200,3,2,18,32,수요일,강남소방서,역삼119안전센터,,350,805,서울특별시,강남구,도시,127.036145,37.498985,3.2,2.2,0.0,작동기기,불꽃/ 스파크/ 정전기,전기적 요인,트래킹에 의한 단락,기타,기타,전기설비,컨트롤박스,,,판매/업무시설,일반업무,일반회사,,0.0,N,N,N,N,,,,,6.0,,4.3,230.0,54.0,,2000.0,역삼1동
220403055249266,기타(쓰레기 화재등),,,,,,,,,,0,0,0,53,2022,봄,2,20220403,44200,4,3,4,42,일요일,강남소방서,역삼119안전센터,,315,637,서울특별시,강남구,도시,127.043483,37.504982,2.6,1.2,0.0,담뱃불/ 라이터불,담뱃불,부주의,담배꽁초,합성수지,플라스틱/ PVC/ 비닐/ 장판,,,,,기타,야외,기타야외,,,N,N,N,N,,,,,4.5,,1.3,290.0,80.0,,1593.0,역삼1동
220405181213188,건축/구조물,양식(옥),철근콘크리트조,슬라브가,1.0,4.0,1.0,498.74,119.25,사용중,0,0,0,491,2022,봄,2,20220405,164300,4,5,16,43,화요일,강남소방서,역삼119안전센터,,551,527,서울특별시,강남구,도시,127.039427,37.503819,2.8,0.9,0.0,담뱃불/ 라이터불,담뱃불,부주의,담배꽁초,종이/목재/건초등,목재/ 합판,,,,,생활서비스,일상서비스,이미용실,,0.0,N,N,N,N,,,,,15.2,,3.6,230.0,28.0,,2000.0,역삼1동
220406183910291,건축/구조물,양식(옥),철근콘크리트조,슬라브가,1.0,6.0,1.0,1483.65,200.12,사용중,0,0,0,822,2022,봄,2,20220406,172200,4,6,17,22,수요일,강남소방서,역삼119안전센터,,418,712,서울특별시,강남구,도시,127.038159,37.502641,2.9,1.2,0.0,담뱃불/ 라이터불,담뱃불,부주의,담배꽁초,쓰레기류,쓰레기,,,,,판매/업무시설,일반업무,일반빌딩,,3.0,N,N,N,N,,,,,16.1,,3.8,230.0,29.0,,2000.0,역삼1동
220407185701636,건축/구조물,양식(옥),철근콘크리트조,슬라브가,1.0,2.0,1.0,534.74,212.43,사용중,0,0,0,484,2022,봄,2,20220407,165400,4,7,16,54,목요일,강남소방서,역삼119안전센터,,627,745,서울특별시,강남구,도시,127.032082,37.504225,3.7,2.6,0.0,담뱃불/ 라이터불,담뱃불,부주의,담배꽁초,기타,기타,,,,,주거,단독주택,다가구주택,,1.0,N,N,N,N,,,,,14.2,,5.5,230.0,33.0,,2000.0,역삼1동
220412152534973,건축/구조물,양식(옥),철근콘크리트조,슬라브가,1.0,5.0,2.0,1583.13,224.63,사용중,0,0,0,24,2022,봄,2,20220412,135400,4,12,13,54,화요일,강남소방서,역삼119안전센터,,750,709,서울특별시,강남구,도시,127.026988,37.503607,4.5,3.2,0.0,담뱃불/ 라이터불,기타(담뱃불/라이터불),부주의,담배꽁초,쓰레기류,기타 쓰레기,,,,,기타서비스,기타건축물,기타 건축물,,0.0,N,Y,N,N,,,,,24.5,,2.9,230.0,58.0,,2000.0,역삼1동
220426223017602,건축/구조물,양식(옥),철근콘크리트조,슬라브가,1.0,9.0,3.0,3473.97,593.7,사용중,0,0,0,138,2022,봄,2,20220426,200500,4,26,20,5,화요일,강남소방서,역삼119안전센터,,302,1216,서울특별시,강남구,도시,127.032147,37.490483,5.5,1.6,0.0,마찰/ 전도/ 복사,화염 전도/복사열,부주의,음식물 조리중,식품,튀김유,,,,,생활서비스,음식점,호프집,,1.0,N,N,N,N,,,,,22.7,,2.3,250.0,49.0,,2000.0,역삼1동
220511115010076,기타(쓰레기 화재등),,,,,,,,,,0,0,0,66,2022,봄,2,20220511,102400,5,11,10,24,수요일,강남소방서,역삼119안전센터,,323,4,서울특별시,강남구,도시,127.031775,37.495754,3.9,1.1,0.0,담뱃불/ 라이터불,담뱃불,부주의,담배꽁초,쓰레기류,쓰레기,,,,,기타,야외,쓰레기,,,N,N,N,N,,,,,21.3,,2.0,250.0,44.0,,2000.0,역삼1동
220515211126709,건축/구조물,양식(옥),철근콘크리트조,슬라브가,1.0,5.0,1.0,539.56,123.79,사용중,0,0,0,4277,2022,봄,2,20220515,174500,5,15,17,45,일요일,강남소방서,역삼119안전센터,,401,1425,서울특별시,강남구,도시,127.042094,37.50791,2.6,1.5,0.0,마찰/ 전도/ 복사,화염 전도/복사열,부주의,가연물 근접방치,기타,기타,,,,,주거,공동주택,다세대주택,,20.0,N,N,N,N,,,,,20.3,,4.3,270.0,26.0,,2000.0,역삼1동
220515225359288,건축/구조물,양식(옥),철근콘크리트조,슬라브가,1.0,4.0,1.0,242.4,59.78,사용중,0,0,0,97,2022,봄,2,20220515,213600,5,15,21,36,일요일,강남소방서,역삼119안전센터,,224,117,서울특별시,강남구,도시,127.036929,37.502474,3.1,1.2,0.0,작동기기,전기적 아크(단락),전기적 요인,트래킹에 의한 단락,전기/전자,전선피복,,,,,생활서비스,음식점,한식,,0.0,N,N,N,N,,,,,15.4,,2.4,290.0,37.0,,2000.0,역삼1동
220525231244533,건축/구조물,양식(옥),철근콘크리트조,슬라브가,1.0,3.0,1.0,543.8,125.54,사용중,0,0,0,185,2022,봄,2,20220525,220100,5,25,22,1,수요일,강남소방서,역삼119안전센터,,347,132,서울특별시,강남구,도시,127.031484,37.494602,5.8,2.3,0.0,작동기기,전기적 아크(단락),전기적 요인,접촉불량에 의한 단락,간판/차양막등,기타(간판/차양막등),,,,,생활서비스,오락시설,노래연습장,,0.0,N,N,N,N,,,,,18.1,2.9,3.4,250.0,93.0,,481.0,역삼1동
220528213414006,건축/구조물,양식(옥),철근콘크리트조,슬라브가,1.0,2.0,1.0,498.1,163.2,사용중,0,0,0,13425,2022,봄,2,20220528,161800,5,28,16,18,토요일,강남소방서,역삼119안전센터,,347,1300,서울특별시,강남구,도시,127.028685,37.504356,4.6,2.5,0.0,담뱃불/ 라이터불,담뱃불,부주의,담배꽁초,종이/목재/건초등,목재/ 합판,,,종이/목재/건초등,목재/ 합판,생활서비스,일상서비스,고시원(원룸텔),,2.0,N,N,N,N,,,,,28.4,,5.1,230.0,39.0,,2000.0,역삼1동
220529233209284,건축/구조물,양식(옥),철근콘크리트조,슬라브가,1.0,4.0,1.0,421.38,91.76,사용중,0,0,0,542,2022,봄,2,20220529,223200,5,29,22,32,일요일,강남소방서,역삼119안전센터,,338,640,서울특별시,강남구,도시,127.03444,37.502453,3.5,2.4,0.0,담뱃불/ 라이터불,담뱃불,부주의,담배꽁초,쓰레기류,쓰레기,,,,,주거,공동주택,다세대주택,,2.0,N,N,N,N,,,,,21.7,,1.4,270.0,74.0,,1585.0,역삼1동
220530110843155,건축/구조물,양식(옥),철근콘크리트조,슬라브가,1.0,15.0,4.0,8484.07,454.17,사용중,0,0,0,6158,2022,봄,2,20220530,85400,5,30,8,54,월요일,강남소방서,역삼119안전센터,,502,1605,서울특별시,강남구,도시,127.031201,37.491582,4.5,1.3,0.0,작동기기,기기 전도/복사열/기기발열,기계적 요인,기타(기계적요인),합성수지,발포폴리스티렌,,,,,판매/업무시설,일반업무,일반빌딩,,6.0,N,Y,N,N,,,,,21.6,,1.7,270.0,74.0,,1725.0,역삼1동
220612081407258,건축/구조물,양식(옥),철근콘크리트조,슬라브가,1.0,5.0,1.0,508.55,66.81,사용중,0,0,0,2266,2022,여름,2,20220612,50800,6,12,5,8,일요일,강남소방서,역삼119안전센터,,442,2718,서울특별시,강남구,도시,127.042822,37.504663,4.0,2.0,0.0,미상,미상,미상,미상,침구/직물류,의류,,,,,주거,단독주택,상가주택(주택부분에서 화재가 발생한 경우에만 해당),,20.0,N,N,N,N,,,,,19.2,,2.2,50.0,68.0,,2000.0,역삼1동
220615002145805,건축/구조물,양식(옥),철근콘크리트조,슬라브가,1.0,5.0,1.0,735.09,138.3,사용중,0,0,0,932,2022,여름,2,20220614,225900,6,14,22,59,화요일,강남소방서,역삼119안전센터,,402,332,서울특별시,강남구,도시,127.038506,37.504811,2.9,1.5,0.0,작동기기,전기적 아크(단락),전기적 요인,미확인단락,전기/전자,전기/ 전자기기 절연유,,,,,판매/업무시설,일반업무,일반빌딩,,0.0,N,Y,N,N,,,,,19.3,,3.9,70.0,60.0,,2000.0,역삼1동
220623011934736,건축/구조물,양식(옥),철근콘크리트조,슬라브가,1.0,15.0,5.0,28686.96,1656.0,사용중,0,0,0,8871,2022,여름,2,20220622,215100,6,22,21,51,수요일,강남소방서,역삼119안전센터,,434,1648,서울특별시,강남구,도시,127.032021,37.492404,6.0,1.2,0.0,담뱃불/ 라이터불,담뱃불,부주의,담배꽁초,종이/목재/건초등,목재/ 합판,,,,,판매/업무시설,일반업무,오피스텔,,40.0,N,N,N,N,,,,,26.1,,1.4,270.0,68.0,,2000.0,역삼1동
220701103746548,건축/구조물,양식(옥),철근콘크리트조,슬라브가,1.0,15.0,3.0,6316.17,395.88,사용중,0,0,0,853,2022,가을,3,20220701,90900,7,1,9,9,금요일,강남소방서,역삼119안전센터,,241,1756,서울특별시,강남구,도시,127.031062,37.499416,3.5,1.4,0.0,작동기기,전기적 아크(단락),전기적 요인,접촉불량에 의한 단락,전기/전자,콘센트/ 스위치류,전기설비,기타(전기설비),,,판매/업무시설,판매시설,기타 판매시설,,0.0,N,N,N,N,,,,,25.6,,2.0,50.0,95.0,,2000.0,역삼1동
220719155431596,건축/구조물,양식(옥),철근콘크리트조,슬라브가,1.0,3.0,2.0,650.76,232.9,사용중,0,0,0,50,2022,가을,3,20220719,143200,7,19,14,32,화요일,강남소방서,역삼119안전센터,,736,425,서울특별시,강남구,도시,127.038586,37.503917,3.0,1.9,0.0,작동기기,전기적 아크(단락),전기적 요인,트래킹에 의한 단락,전기/전자,기타(전기/전자),조명/ 간판,LED조명,,,생활서비스,일상서비스,이미용실,,1.0,N,N,N,N,,,,,30.1,,4.7,270.0,61.0,,2000.0,역삼1동
220720164453930,기타(쓰레기 화재등),,,,,,,,,,0,0,0,38,2022,가을,3,20220720,155100,7,20,15,51,수요일,강남소방서,역삼119안전센터,,259,827,서울특별시,강남구,도시,127.038578,37.496519,3.5,0.5,0.0,담뱃불/ 라이터불,담뱃불,부주의,담배꽁초,쓰레기류,재활용,,,,,기타,야외,쓰레기,,,N,N,N,N,,,,,30.2,,3.2,270.0,62.0,,2000.0,역삼1동
220722051734668,건축/구조물,양식(옥),철근콘크리트조,슬라브가,1.0,17.0,5.0,12986.17,586.51,사용중,0,0,0,823,2022,가을,3,20220722,40900,7,22,4,9,금요일,강남소방서,역삼119안전센터,,410,857,서울특별시,강남구,도시,127.032799,37.5067,3.6,1.8,0.0,작동기기,기기 전도/복사열/기기발열,부주의,가연물 근접방치,전기/전자,기타(전기/전자),,,,,판매/업무시설,일반업무,오피스텔,,0.0,N,Y,N,N,,,,,23.2,,1.5,270.0,88.0,,2000.0,역삼1동
220726230629573,건축/구조물,양식(옥),철근콘크리트조,슬라브가,1.0,5.0,1.0,1044.99,220.67,사용중,0,0,0,4674,2022,가을,3,20220726,183400,7,26,18,34,화요일,강남소방서,역삼119안전센터,,743,2100,서울특별시,강남구,도시,127.03073,37.494976,4.1,5.5,0.0,작동기기,전기적 아크(단락),전기적 요인,미확인단락,전기/전자,콘센트/ 스위치류,,,,,판매/업무시설,판매시설,상가빌딩,,3.0,N,Y,N,N,,,,,31.8,,2.9,320.0,63.0,,2000.0,역삼1동
220728205739801,건축/구조물,양식(옥),철근콘크리트조,슬라브가,1.0,3.0,1.0,871.25,196.02,사용중,0,0,0,330,2022,가을,3,20220728,193600,7,28,19,36,목요일,강남소방서,역삼119안전센터,,209,700,서울특별시,강남구,도시,127.03852,37.495028,3.7,0.5,0.0,작동기기,전기적 아크(단락),전기적 요인,미확인단락,전기/전자,기타(전기/전자),생활기기,전동킥보드,,,판매/업무시설,일반업무,일반회사,,2.0,N,N,N,N,,,,,31.9,,3.5,160.0,60.0,,2000.0,역삼1동
220809174327991,건축/구조물,양식(옥),철근콘크리트조,슬라브가,1.0,4.0,0.0,709.48,277710.0,사용중,0,0,0,973,2022,가을,3,20220809,120600,8,9,12,6,화요일,강남소방서,역삼119안전센터,,459,2245,서울특별시,강남구,도시,127.03601,37.506581,4.4,3.3,0.0,작동기기,기기 전도/복사열/기기발열,부주의,가연물 근접방치,식품,기타(식품),,,,,주거,공동주택,다세대주택,,0.0,N,Y,N,N,,,,,25.3,7.3,3.0,200.0,95.0,,452.0,역삼1동
220809233910218,건축/구조물,양식(옥),철근콘크리트조,슬라브가,1.0,6.0,1.0,2170.22,380.92,사용중,0,0,0,18,2022,가을,3,20220809,214900,8,9,21,49,화요일,강남소방서,역삼119안전센터,,734,10527,서울특별시,강남구,도시,127.040357,37.507395,3.1,3.1,0.0,불꽃/ 불티,기타(불꽃/불티),전기적 요인,트래킹에 의한 단락,전기/전자,전기/ 전자기기 내부배선,전기설비,배전반/분전반,,,기타서비스,기타건축물,기타 건축물,,0.0,N,Y,N,N,,,,,24.5,19.5,2.3,250.0,96.0,,1728.0,역삼1동
220822165907322,건축/구조물,양식(옥),철근콘크리트조,슬라브가,1.0,6.0,1.0,791.52,126.36,사용중,0,0,0,5154,2022,가을,3,20220822,140900,8,22,14,9,월요일,강남소방서,역삼119안전센터,,153,1700,서울특별시,강남구,도시,127.032177,37.491907,4.3,0.7,0.0,작동기기,기기 전도/복사열/기기발열,부주의,가연물 근접방치,미상,미상,주방기기,전기레인지,,,주거,단독주택,상가주택(주택부분에서 화재가 발생한 경우에만 해당),,46.0,N,Y,N,N,,,,,30.2,,2.7,200.0,65.0,,2000.0,역삼1동
220914080907042,건축/구조물,양식(옥),철근콘크리트조,슬라브가,1.0,4.0,1.0,624.66,139.2,사용중,0,0,0,545,2022,가을,3,20220914,64100,9,14,6,41,수요일,강남소방서,역삼119안전센터,,347,0,서울특별시,강남구,도시,127.036873,37.491876,4.3,1.2,0.0,작동기기,기기 전도/복사열/기기발열,부주의,가연물 근접방치,종이/목재/건초등,종이,,,,,주거,공동주택,다세대주택,,1.0,N,N,N,N,,,,,23.2,,2.1,70.0,59.0,,2000.0,역삼1동
220917203904352,건축/구조물,양식(옥),철근콘크리트조,슬라브가,1.0,5.0,1.0,1248.07,207.08,사용중,0,0,0,162,2022,가을,3,20220917,192900,9,17,19,29,토요일,강남소방서,역삼119안전센터,,459,112,서울특별시,강남구,도시,127.039005,37.502916,2.7,1.0,0.0,작동기기,기타(작동기기),부주의,음식물 조리중,식품,튀김유,,,,,생활서비스,음식점,호프집,,0.0,N,N,N,N,,,,,27.3,,2.2,270.0,75.0,,2000.0,역삼1동
220920130702418,기타(쓰레기 화재등),,,,,,,,,,0,0,0,176,2022,가을,3,20220920,115000,9,20,11,50,화요일,강남소방서,역삼119안전센터,,457,1110,서울특별시,강남구,도시,127.042849,37.505603,2.7,1.2,0.0,담뱃불/ 라이터불,담뱃불,부주의,담배꽁초,종이/목재/건초등,종이,,,,,기타,야외,쓰레기,,,N,N,N,N,,,,,22.1,,3.3,70.0,43.0,,2000.0,역삼1동
221013141548556,건축/구조물,양식(옥),철근콘크리트조,슬라브가,1.0,14.0,4.0,9043.0,489.88,사용중,0,0,0,496,2022,겨울,1,20221013,122600,10,13,12,26,목요일,강남소방서,역삼119안전센터,,409,900,서울특별시,강남구,도시,127.030087,37.496522,3.8,1.3,0.0,담뱃불/ 라이터불,담뱃불,부주의,담배꽁초,종이/목재/건초등,종이,,,,,판매/업무시설,일반업무,일반회사,,1.0,N,N,N,N,,,,,20.8,,2.1,90.0,51.0,,2000.0,역삼1동
221016234913299,건축/구조물,양식(옥),철근콘크리트조,슬라브가,1.0,20.0,6.0,10671.46,459.69,사용중,0,0,0,1279,2022,겨울,1,20221016,222000,10,16,22,20,일요일,강남소방서,역삼119안전센터,,305,1505,서울특별시,강남구,도시,127.036198,37.501278,2.9,1.0,0.0,작동기기,전기적 아크(단락),전기적 요인,트래킹에 의한 단락,기타,기타,,,,,생활서비스,일상서비스,기타 일상서비스,,0.0,N,Y,N,N,,,,,15.6,,1.7,270.0,77.0,,2000.0,역삼1동
221017090708879,건축/구조물,양식(옥),철근콘크리트조,슬라브가,1.0,2.0,2.0,528.3,102.96,사용중,0,0,0,24,2022,겨울,1,20221017,81400,10,17,8,14,월요일,강남소방서,역삼119안전센터,,225,751,서울특별시,강남구,도시,127.034988,37.501299,3.4,1.2,0.0,작동기기,전기적 아크(단락),전기적 요인,누전/지락,전기/전자,전선피복,배선/배선기구,옥내배선용 전선,,,생활서비스,음식점,한식,,0.0,N,N,N,N,,,,,9.1,,3.4,320.0,50.0,,2000.0,역삼1동
221022141512969,기타(쓰레기 화재등),,,,,,,,,,0,0,0,57,2022,겨울,1,20221022,133300,10,22,13,33,토요일,강남소방서,역삼119안전센터,,408,28,서울특별시,강남구,도시,127.034025,37.497773,3.4,1.1,0.0,담뱃불/ 라이터불,담뱃불,부주의,담배꽁초,쓰레기류,재활용,,,,,기타,야외,쓰레기,,,N,N,N,N,,,,,19.5,,1.5,290.0,58.0,,2000.0,역삼1동
221025165942263,건축/구조물,양식(옥),철근콘크리트조,슬라브가,1.0,17.0,7.0,60566.75,4444.52,철거중,0,0,0,478,2022,겨울,1,20221025,150700,10,25,15,7,화요일,강남소방서,역삼119안전센터,,613,2818,서울특별시,강남구,도시,127.026822,37.504866,4.7,3.1,0.0,불꽃/ 불티,용접/ 절단/ 연마,부주의,용접/ 절단/ 연마,전기/전자,전선피복,,,,,판매/업무시설,숙박시설,호텔,,6.0,N,Y,N,N,,,,,17.1,,1.6,90.0,40.0,,2000.0,역삼1동
221028151034313,건축/구조물,양식(옥),철근콘크리트조,슬라브가,1.0,5.0,2.0,1877.39,267.43,사용중,0,0,0,7,2022,겨울,1,20221028,142100,10,28,14,21,금요일,강남소방서,역삼119안전센터,,340,0,서울특별시,강남구,도시,127.037938,37.498108,3.2,0.6,0.0,작동기기,기기 전도/복사열/기기발열,부주의,기기(전기/ 기계 등) 사용.설치부주의,전기/전자,콘센트/ 스위치류,,,,,판매/업무시설,일반업무,일반회사,,0.0,N,Y,N,N,,,,,19.7,,1.6,70.0,45.0,,2000.0,역삼1동
221101135122734,건축/구조물,양식(옥),철근콘크리트조,슬라브가,1.0,6.0,1.0,1248.43,195.95,사용중,0,0,0,6811,2022,겨울,1,20221101,110300,11,1,11,3,화요일,강남소방서,역삼119안전센터,,459,11629,서울특별시,강남구,도시,127.02795,37.499443,3.8,1.8,0.0,마찰/ 전도/ 복사,화염 전도/복사열,부주의,음식물 조리중,식품,튀김유,,,,,생활서비스,음식점,한식,,10.0,N,N,Y,N,,,,,15.3,,1.8,290.0,77.0,,1084.0,역삼1동
221112032600281,건축/구조물,양식(옥),철근콘크리트조,슬라브가,1.0,10.0,2.0,1996.42,0.0,사용중,0,0,0,33,2022,겨울,1,20221112,21400,11,12,2,14,토요일,강남소방서,역삼119안전센터,,201,833,서울특별시,강남구,도시,127.032915,37.500484,3.3,1.3,0.0,작동기기,전기적 아크(단락),전기적 요인,접촉불량에 의한 단락,전기/전자,콘센트/ 스위치류,배선/배선기구,콘센트,,,판매/업무시설,일반업무,일반빌딩,,0.0,N,Y,N,N,,,,,12.5,,1.0,50.0,74.0,,1306.0,역삼1동
221124140452467,건축/구조물,양식(옥),철근콘크리트조,슬라브가,1.0,10.0,1.0,4702.7,333.36,기타 공사중,0,0,0,2053,2022,겨울,1,20221124,112300,11,24,11,23,목요일,강남소방서,역삼119안전센터,,253,3305,서울특별시,강남구,도시,127.030433,37.492979,4.3,1.2,0.0,불꽃/ 불티,용접/ 절단/ 연마,부주의,용접/ 절단/ 연마,미상,미상,,,,,판매/업무시설,판매시설,기타 판매시설,,10.0,N,Y,N,N,,,,,11.2,,1.4,50.0,57.0,,1628.0,역삼1동
221126161836624,건축/구조물,양식(옥),철근콘크리트조,슬라브가,1.0,20.0,6.0,31972.2,10608.0,사용중,0,0,0,4955,2022,겨울,1,20221126,135100,11,26,13,51,토요일,강남소방서,역삼119안전센터,,321,458,서울특별시,강남구,도시,127.035644,37.501639,3.1,2.1,0.0,작동기기,기기 전도/복사열/기기발열,부주의,가연물 근접방치,기타,기타,,,,,생활서비스,음식점,커피숍/다방/카페(휴게),,3.0,N,Y,N,N,,,,,8.4,,5.3,290.0,33.0,,2000.0,역삼1동
221128145205540,건축/구조물,양식(옥),철근콘크리트조,슬라브가,1.0,22.0,6.0,21483.85,1045.8,사용중,0,1,1,13,2022,겨울,1,20221128,133000,11,28,13,30,월요일,강남소방서,역삼119안전센터,,327,56,서울특별시,강남구,도시,127.030896,37.492221,4.5,1.5,0.0,불꽃/ 불티,모닥불/ 연탄/ 숯,기타,기타,기타,기타,,,,,판매/업무시설,일반업무,오피스텔,지상층,0.0,N,N,N,N,,,,,14.9,,2.5,50.0,50.0,,2000.0,역삼1동
221202194537566,건축/구조물,양식(옥),철근콘크리트조,슬라브가,1.0,15.0,2.0,5698.53,364.16,신축,0,0,0,195,2022,겨울,1,20221202,163400,12,2,16,34,금요일,강남소방서,역삼119안전센터,,636,1500,서울특별시,강남구,도시,127.028354,37.498614,4.3,2.4,0.0,작동기기,불꽃/ 스파크/ 정전기,부주의,용접/ 절단/ 연마,합성수지,플라스틱/ PVC/ 비닐/ 장판,,,,,판매/업무시설,일반업무,일반빌딩,,1.0,N,N,N,N,,,,,2.8,,1.2,270.0,29.0,,2000.0,역삼1동
221202195259844,건축/구조물,양식(옥),철근콘크리트조,슬라브가,1.0,15.0,2.0,4109.07,223.66,사용중,0,0,0,3866,2022,겨울,1,20221202,173700,12,2,17,37,금요일,강남소방서,역삼119안전센터,,959,1648,서울특별시,강남구,도시,127.033134,37.506751,3.8,2.1,0.0,작동기기,기기 전도/복사열/기기발열,부주의,가연물 근접방치,식품,기타(식품),,,,,판매/업무시설,일반업무,오피스텔,,12.0,N,Y,N,N,,,,,1.2,,1.8,290.0,30.0,,2000.0,역삼1동
221206045031752,건축/구조물,양식(옥),철근콘크리트조,슬라브가,1.0,5.0,1.0,1455.53,259.8,사용중,0,0,0,7361,2022,겨울,1,20221206,23700,12,6,2,37,화요일,강남소방서,역삼119안전센터,,342,3643,서울특별시,강남구,도시,127.036437,37.496291,5.0,0.7,0.0,작동기기,기기 전도/복사열/기기발열,부주의,가연물 근접방치,기타,기타,,,가구,기타(가구),주거,공동주택,다세대주택,,20.0,N,Y,N,N,,,,,-3.6,,2.1,20.0,62.0,,2000.0,역삼1동
221209072650441,건축/구조물,양식(옥),철근콘크리트조,슬라브가,1.0,15.0,5.0,47541.42,2863.26,사용중,0,0,0,1214,2022,겨울,1,20221209,54900,12,9,5,49,금요일,강남소방서,역삼119안전센터,,300,1239,서울특별시,강남구,도시,127.030753,37.49521,4.0,1.3,0.0,작동기기,기기 전도/복사열/기기발열,부주의,불씨/불꽃/화원방치,식품,음식물,주방기기,전기레인지,,,판매/업무시설,판매시설,상가빌딩,,1.0,N,N,N,N,,,,,1.7,,1.7,70.0,63.0,,2000.0,역삼1동
221211074023856,건축/구조물,양식(옥),철근콘크리트조,슬라브가,2.0,6.0,1.0,1377.84,388.36,사용중,0,0,0,63,2022,겨울,1,20221211,64500,12,11,6,45,일요일,강남소방서,역삼119안전센터,,142,945,서울특별시,강남구,도시,127.037297,37.492417,4.0,0.8,0.0,작동기기,기기 전도/복사열/기기발열,부주의,음식물 조리중,식품,음식물,,,,,주거,공동주택,다세대주택,,0.0,N,N,N,N,,,,,-1.3,,0.6,20.0,64.0,,2000.0,역삼1동
221219175620048,건축/구조물,양식(옥),철근콘크리트조,슬라브가,1.0,2.0,1.0,626.64,233.84,사용중,0,0,0,8229,2022,겨울,1,20221219,152800,12,19,15,28,월요일,강남소방서,역삼119안전센터,,559,641,서울특별시,강남구,도시,127.033662,37.505401,3.7,2.7,0.0,작동기기,전기적 아크(단락),전기적 요인,접촉불량에 의한 단락,전기/전자,전선피복,배선/배선기구,전기기기용 전선/코드,전기/전자,전기/ 전자기기 케이스,주거,단독주택,다가구주택,,0.0,N,N,N,N,,,,,-2.8,,3.6,290.0,42.0,1.1,2000.0,역삼1동
221222230918853,건축/구조물,양식(옥),철근콘크리트조,슬라브가,1.0,4.0,2.0,1503.94,296.94,사용중,0,0,0,85,2022,겨울,1,20221222,215600,12,22,21,56,목요일,강남소방서,역삼119안전센터,,405,1100,서울특별시,강남구,도시,127.047426,37.505145,2.0,1.3,0.0,마찰/ 전도/ 복사,화염 전도/복사열,부주의,음식물 조리중,식품,음식물,주방기기,기타(주방기기),,,생활서비스,음식점,한식,,0.0,N,Y,N,N,,,,,-10.1,,5.6,270.0,57.0,1.8,2000.0,역삼1동
221224201022269,건축/구조물,양식(옥),철근콘크리트조,슬라브가,1.0,5.0,1.0,612.13,148.6,사용중,0,0,0,9719,2022,겨울,1,20221224,171500,12,24,17,15,토요일,강남소방서,역삼119안전센터,,233,5847,서울특별시,강남구,도시,127.036701,37.495787,3.5,0.6,0.0,작동기기,기기 전도/복사열/기기발열,부주의,가연물 근접방치,미상,미상,,,,,주거,단독주택,다가구주택,,10.0,N,N,N,N,,,,,-3.5,,1.7,290.0,44.0,1.6,2000.0,역삼1동
221226234159687,건축/구조물,양식(옥),철근콘크리트조,슬라브가,1.0,4.0,1.0,659.1,230.9,사용중,0,0,0,16,2022,겨울,1,20221226,223400,12,26,22,34,월요일,강남소방서,역삼119안전센터,,446,2912,서울특별시,강남구,도시,127.043429,37.506595,2.4,2.4,0.0,작동기기,기기 전도/복사열/기기발열,부주의,가연물 근접방치,기타,기타,,,,,주거,단독주택,다가구주택,,0.0,N,N,N,N,,,,,-4.1,,0.8,320.0,65.0,0.3,2000.0,역삼1동
221230224046458,건축/구조물,양식(옥),철근콘크리트조,슬라브가,1.0,5.0,1.0,771.93,127.92,사용중,0,0,0,258,2022,겨울,1,20221230,205900,12,30,20,59,금요일,강남소방서,역삼119안전센터,,339,1228,서울특별시,강남구,도시,127.043442,37.504757,2.3,1.3,0.0,불꽃/ 불티,모닥불/ 연탄/ 숯,부주의,음식물 조리중,기타,기타,,,기타,기타,주거,단독주택,기타 단독주택,,0.0,N,N,N,N,,,,,-2.4,,1.1,320.0,57.0,,2000.0,역삼1동
230101124354784,건축/구조물,양식(옥),철근콘크리트조,슬라브가,1.0,36.0,7.0,239252.0,2314.7,사용중,0,0,0,2719,2023,겨울,1,20230101,103600,1,1,10,36,일요일,강남소방서,역삼119안전센터,,249,911,서울특별시,강남구,도시,127.0415371,37.50283441,2.4,0.9,0.0,담뱃불/ 라이터불,라이터불/ 성냥불,방화의심,방화의심,기타,기타,,,침구/직물류,이불(베개/시트),판매/업무시설,숙박시설,호텔,29.0,10.0,N,Y,N,N,,,,,-0.4,,2.0,270.0,66.0,,938.0,역삼1동
230107062618838,건축/구조물,양식(옥),철근콘크리트조,슬라브가,1.0,5.0,1.0,713.83,133.52,사용중,0,0,0,1293,2023,겨울,1,20230107,40900,1,7,4,9,토요일,강남소방서,역삼119안전센터,,323,1300,서울특별시,강남구,도시,127.0335089,37.49467477,4.0,0.9,0.0,담뱃불/ 라이터불,촛불,부주의,불씨/불꽃/화원방치,합성수지,플라스틱/ PVC/ 비닐/ 장판,,,,,생활서비스,일상서비스,고시원(원룸텔),4.0,6.0,N,Y,Y,N,,,,,2.2,,2.0,270.0,96.0,2.7,83.0,역삼1동
230120174551104,기타(쓰레기 화재등),,,,,,,,,,0,0,0,97,2023,겨울,1,20230120,170900,1,20,17,9,금요일,강남소방서,역삼119안전센터,,838,32,서울특별시,강남구,도시,127.0466351,37.5054769,2.0,1.4,0.0,담뱃불/ 라이터불,담뱃불,부주의,담배꽁초,쓰레기류,쓰레기,,,,,기타,야외,쓰레기,,,N,N,N,N,,,,,-3.0,,4.0,270.0,39.0,,2000.0,역삼1동
230123202223724,기타(쓰레기 화재등),,,,,,,,,,0,0,0,104,2023,겨울,1,20230123,192500,1,23,19,25,월요일,강남소방서,역삼119안전센터,,324,306,서울특별시,강남구,도시,127.0316077,37.4955336,3.8,1.3,0.0,담뱃불/ 라이터불,담뱃불,부주의,담배꽁초,쓰레기류,재활용,,,,,기타,야외,쓰레기,,2.0,N,N,N,N,,,,,-1.4,,4.0,270.0,67.0,,1307.0,역삼1동
230128011635816,건축/구조물,양식(옥),철근콘크리트조,슬라브가,1.0,4.0,1.0,1247.35,289.62,사용중,0,0,0,826,2023,겨울,1,20230127,232600,1,27,23,26,금요일,강남소방서,역삼119안전센터,,600,421,서울특별시,강남구,도시,127.034412,37.49798769,3.3,1.1,0.0,작동기기,전기적 아크(단락),전기적 요인,미확인단락,미상,미상,,,,,판매/업무시설,일반업무,일반빌딩,-1.0,5.0,N,Y,N,N,,,,,-9.3,,2.0,250.0,54.0,,2000.0,역삼1동
230129190813344,건축/구조물,양식(옥),철근콘크리트조,슬라브가,1.0,12.0,3.0,3486.6,232.15,사용중,0,0,0,449,2023,겨울,1,20230129,173500,1,29,17,35,일요일,강남소방서,역삼119안전센터,,451,6,서울특별시,강남구,도시,127.0261126,37.50471033,4.6,3.0,0.0,작동기기,전기적 아크(단락),전기적 요인,압착/손상에 의한 단락,전기/전자,콘센트/ 스위치류,,,,,생활서비스,일상서비스,귀/손톱등 케어방,1.0,5.0,N,Y,N,N,,,,,3.9,,5.0,250.0,60.0,,2000.0,역삼1동
230130015953242,건축/구조물,양식(옥),철근콘크리트조,슬라브가,1.0,16.0,4.0,5039.31,261.75,사용중,0,0,0,3778,2023,겨울,1,20230130,2500,1,30,0,25,월요일,강남소방서,역삼119안전센터,,339,4,서울특별시,강남구,도시,127.0415726,37.50931509,2.9,1.8,0.0,작동기기,기기 전도/복사열/기기발열,부주의,가연물 근접방치,식품,기타(식품),주방기기,전자레인지,,,주거,공동주택,다세대주택,14.0,38.0,N,N,N,N,,,,,-1.6,,2.0,290.0,60.0,,2000.0,역삼1동
230130142054756,기타(쓰레기 화재등),,,,,,,,,,0,0,0,42,2023,겨울,1,20230130,131000,1,30,13,10,월요일,강남소방서,역삼119안전센터,,514,505,서울특별시,강남구,도시,127.032673,37.50637088,3.9,2.2,0.0,담뱃불/ 라이터불,담뱃불,부주의,담배꽁초,종이/목재/건초등,기타(종이/목재/건초등),,,,,기타,야외,쓰레기,,,N,N,N,N,,,,,2.6,,4.0,290.0,36.0,,2000.0,역삼1동
230206090252658,건축/구조물,양식(옥),철근콘크리트조,슬라브가,1.0,4.0,1.0,476.72,104.3,사용중,0,1,1,2199,2023,겨울,1,20230206,63600,2,6,6,36,월요일,강남소방서,역삼119안전센터,,601,900,서울특별시,강남구,도시,127.0260001,37.50349905,4.5,2.3,0.0,마찰/ 전도/ 복사,화염 전도/복사열,부주의,음식물 조리중,위험물등,기타 제4류 위험물,,,,,주거,기타주택,기타 주택,1.0,0.0,N,N,N,N,,,,,-1.5,,1.0,50.0,90.0,,497.0,역삼1동
230217175815527,건축/구조물,양식(옥),철근콘크리트조,슬라브가,1.0,4.0,1.0,517.31,125.95,사용중,0,0,0,50,2023,겨울,1,20230217,154100,2,17,15,41,금요일,강남소방서,역삼119안전센터,,309,2214,서울특별시,강남구,도시,127.0356435,37.49532531,3.7,0.7,0.0,작동기기,불꽃/ 스파크/ 정전기,미상,미상,전기/전자,전기/ 전자기기 내부배선,주방기기,김치냉장고,,,주거,공동주택,다세대주택,3.0,0.0,N,N,N,N,,,,,8.9,,2.0,230.0,44.0,,1279.0,역삼1동
230220162655776,건축/구조물,양식(옥),철근콘크리트조,슬라브가,1.0,11.0,2.0,2376.77,177.28,사용중,0,0,0,1633,2023,겨울,1,20230220,142900,2,20,14,29,월요일,강남소방서,역삼119안전센터,,305,1356,서울특별시,강남구,도시,127.034341,37.50036955,3.1,1.2,0.0,담뱃불/ 라이터불,담뱃불,부주의,담배꽁초,쓰레기류,쓰레기,,,,,판매/업무시설,일반업무,일반빌딩,1.0,0.0,N,N,N,N,,,,,2.1,,5.0,270.0,29.0,,2000.0,역삼1동
230302005323690,건축/구조물,양식(옥),철근콘크리트조,슬라브가,1.0,6.0,1.0,974.68,178.33,사용중,0,0,0,174,2023,봄,1,20230302,1000,3,2,0,10,목요일,강남소방서,역삼119안전센터,,347,315,서울특별시,강남구,도시,127.0336123,37.49588579,3.7,2.0,0.0,담뱃불/ 라이터불,담뱃불,부주의,담배꽁초,쓰레기류,쓰레기,,,,,판매/업무시설,일반업무,일반빌딩,1.0,1.0,N,N,N,N,,,,,2.9,,4.0,270.0,43.0,,2000.0,역삼1동
230302121747517,건축/구조물,양식(옥),철골철근콘크리트조,슬라브가,1.0,11.0,2.0,2376.77,177.28,사용중,0,0,0,22,2023,봄,1,20230302,103800,3,2,10,38,목요일,강남소방서,역삼119안전센터,,500,306,서울특별시,강남구,도시,127.0341516,37.50065042,3.3,2.3,0.0,담뱃불/ 라이터불,담뱃불,부주의,담배꽁초,종이/목재/건초등,목재/ 합판,,,,,판매/업무시설,일반업무,기타 일반업무시설,11.0,0.0,N,N,N,N,,,,,2.0,,3.0,20.0,30.0,,2000.0,역삼1동
230316113529672,건축/구조물,양식(옥),철근콘크리트조,슬라브가,1.0,19.0,8.0,50133.63,2093.48,사용중,0,0,0,194,2023,봄,1,20230316,101200,3,16,10,12,목요일,강남소방서,역삼119안전센터,,410,1031,서울특별시,강남구,도시,127.0293135,37.49773156,3.9,1.6,0.0,담뱃불/ 라이터불,담뱃불,부주의,담배꽁초,쓰레기류,쓰레기,,,,,주거,공동주택,주상복합아파트,6.0,0.0,N,Y,N,N,,,,,5.3,,3.0,270.0,28.0,,2000.0,역삼1동
230316125557089,건축/구조물,양식(옥),철근콘크리트조,슬라브가,1.0,5.0,1.0,1304.83,165.33,사용중,0,0,0,123,2023,봄,1,20230316,114300,3,16,11,43,목요일,강남소방서,역삼119안전센터,,427,0,서울특별시,강남구,도시,127.0342832,37.50712699,3.6,1.8,0.0,담뱃불/ 라이터불,담뱃불,부주의,담배꽁초,쓰레기류,쓰레기,,,,,판매/업무시설,일반업무,일반빌딩,1.0,1.0,N,Y,N,N,,,,,6.7,,3.0,290.0,22.0,,2000.0,역삼1동
230316182011848,기타(쓰레기 화재등),,,,,,,,,,0,0,0,39,2023,봄,1,20230316,171900,3,16,17,19,목요일,강남소방서,역삼119안전센터,,500,36,서울특별시,강남구,도시,127.0394063,37.50663137,3.1,1.4,0.0,담뱃불/ 라이터불,담뱃불,부주의,담배꽁초,쓰레기류,쓰레기,,,,,기타,야외,쓰레기,,,N,N,N,N,,,,,8.0,,3.0,250.0,32.0,,2000.0,역삼1동
230317155922548,건축/구조물,양식(옥),철근콘크리트조,슬라브가,1.0,5.0,1.0,913.77,148.26,사용중,0,0,0,6292,2023,봄,1,20230317,123700,3,17,12,37,금요일,강남소방서,역삼119안전센터,,446,4701,서울특별시,강남구,도시,127.0346885,37.50200678,1.6,3.5,0.0,작동기기,기기 전도/복사열/기기발열,부주의,가연물 근접방치,기타,기타,,,,,판매/업무시설,일반업무,기타 일반업무시설,-1.0,0.0,N,N,N,N,,,,,10.2,,2.0,90.0,26.0,,2000.0,역삼1동
230320192141621,건축/구조물,양식(옥),철근콘크리트조,슬라브가,1.0,6.0,1.0,2564.23,255.06,사용중,0,0,0,489,2023,봄,1,20230320,174100,3,20,17,41,월요일,강남소방서,역삼119안전센터,,208,718,서울특별시,강남구,도시,127.0377826,37.49643968,3.4,0.9,0.0,담뱃불/ 라이터불,담뱃불,부주의,담배꽁초,쓰레기류,쓰레기,,,,,판매/업무시설,일반업무,일반회사,1.0,1.0,N,Y,N,N,,,,,15.5,,4.0,250.0,31.0,,1562.0,역삼1동
230325075226530,건축/구조물,양식(옥),철근콘크리트조,슬라브가,1.0,3.0,1.0,371.76,175.8,사용중,0,0,0,15,2023,봄,1,20230325,63200,3,25,6,32,토요일,강남소방서,역삼119안전센터,,453,1317,서울특별시,강남구,도시,127.0386203,37.50598367,1.7,3.1,0.0,작동기기,기기 전도/복사열/기기발열,부주의,가연물 근접방치,기타,기타,,,,,주거,단독주택,다가구주택,-1.0,0.0,N,N,N,N,,,,,8.3,,3.0,50.0,72.0,,2000.0,역삼1동
230326163947804,건축/구조물,양식(옥),철근콘크리트조,슬라브가,1.0,5.0,1.0,790.66,295.6,사용중,0,0,0,1100,2023,봄,1,20230326,145900,3,26,14,59,일요일,강남소방서,역삼119안전센터,,404,235,서울특별시,강남구,도시,127.0353628,37.49551136,1.7,9.7,0.0,담뱃불/ 라이터불,담뱃불,부주의,기타(부주의),쓰레기류,쓰레기,,,,,판매/업무시설,일반업무,일반빌딩,1.0,0.0,N,Y,N,N,,,,,13.5,,5.0,290.0,16.0,,2000.0,역삼1동
230402144602057,기타(쓰레기 화재등),,,,,,,,,,0,0,0,17,2023,봄,2,20230402,133800,4,2,13,38,일요일,강남소방서,역삼119안전센터,,345,414,서울특별시,강남구,도시,127.0354549,37.4981101,3.5,1.8,0.0,불꽃/ 불티,용접/ 절단/ 연마,부주의,용접/ 절단/ 연마,쓰레기류,쓰레기,,,,,기타,야외,쓰레기,,,N,N,N,N,,,,,23.7,,4.0,70.0,17.0,,2000.0,역삼1동
230403014510406,기타(쓰레기 화재등),,,,,,,,,,0,0,0,118,2023,봄,2,20230403,5200,4,3,0,52,월요일,강남소방서,역삼119안전센터,,244,641,서울특별시,강남구,도시,127.0396485,37.49443065,3.4,0.7,0.0,담뱃불/ 라이터불,담뱃불,부주의,담배꽁초,쓰레기류,쓰레기,,,,,기타,야외,기타야외,,,N,N,N,N,,,,,16.8,,2.0,110.0,33.0,,2000.0,역삼1동
230404132339997,건축/구조물,양식(옥),철근콘크리트조,슬라브가,1.0,6.0,2.0,2701.32,347.76,사용중,0,0,0,728,2023,봄,2,20230404,121000,4,4,12,10,화요일,강남소방서,역삼119안전센터,,415,613,서울특별시,강남구,도시,127.0463791,37.50520958,2.0,1.4,0.0,담뱃불/ 라이터불,담뱃불,부주의,기타(부주의),쓰레기류,쓰레기,,,,,판매/업무시설,일반업무,일반빌딩,6.0,1.0,N,Y,N,N,,,,,21.1,,2.0,110.0,19.0,,2000.0,역삼1동
230419054321164,건축/구조물,양식(옥),철근콘크리트조,슬라브가,1.0,10.0,3.0,3722.58,276.97,사용중,0,0,0,141,2023,봄,2,20230419,43500,4,19,4,35,수요일,강남소방서,역삼119안전센터,,358,509,서울특별시,강남구,도시,127.0314208,37.49775246,4.2,2.6,0.0,기타,기타,자연적인 요인,기타(자연적인요인),쓰레기류,기타 쓰레기,,,,,판매/업무시설,일반업무,일반빌딩,1.0,0.0,N,Y,N,N,,,,,13.0,,2.0,50.0,90.0,,690.0,역삼1동
230420195513034,건축/구조물,양식(옥),철근콘크리트조,슬라브가,1.0,6.0,3.0,4338.46,458.46,사용중,0,0,0,198,2023,봄,2,20230420,182400,4,20,18,24,목요일,강남소방서,역삼119안전센터,,720,916,서울특별시,강남구,도시,127.0285719,37.49932148,4.1,2.5,0.0,불꽃/ 불티,모닥불/ 연탄/ 숯,부주의,가연물 근접방치,기타,기타,,,,,생활서비스,음식점,중식,1.0,0.0,N,Y,N,N,,,,,16.0,,2.0,270.0,90.0,,2000.0,역삼1동
230426103756748,건축/구조물,양식(옥),벽돌조,슬라브가,1.0,3.0,1.0,1017.45,252.76,사용중,0,0,0,48,2023,봄,2,20230426,84200,4,26,8,42,수요일,강남소방서,역삼119안전센터,,442,224,서울특별시,강남구,도시,127.0400909,37.50493581,2.8,2.0,0.0,작동기기,불꽃/ 스파크/ 정전기,부주의,기타(부주의),침구/직물류,의류,,,,,주거,공동주택,연립주택,2.0,0.0,N,N,N,N,,,,,10.4,,5.0,250.0,77.0,,1501.0,역삼1동
230510193206550,기타(쓰레기 화재등),,,,,,,,,,0,0,0,55,2023,봄,2,20230510,152800,5,10,15,28,수요일,강남소방서,역삼119안전센터,,336,5400,서울특별시,강남구,도시,127.03619,37.49381911,4.5,0.7,0.0,작동기기,전기적 아크(단락),미상,미상,전기/전자,전기/ 전자기기 절연유,생활기기,전기자전거,,,기타,도로,기타도로,,,N,N,N,N,,,,,25.1,,3.0,290.0,30.0,,2000.0,역삼1동
230515164025899,자동차/철도차량,,,,,,,,,,0,0,0,1650,2023,봄,2,20230515,140600,5,15,14,6,월요일,강남소방서,역삼119안전센터,,535,55,서울특별시,강남구,도시,127.0280976,37.5005075,11.0,3.0,0.0,미상,미상,미상,미상,미상,미상,,,,,자동차/철도차량,자동차,승용자동차,,,N,N,N,N,주차장,엔진룸,,,27.6,,2.0,180.0,34.0,,2000.0,역삼1동
230522142630302,건축/구조물,양식(옥),철근콘크리트조,슬라브가,1.0,12.0,2.0,1999.87,198.42,사용중,0,0,0,197,2023,봄,2,20230522,124900,5,22,12,49,월요일,강남소방서,역삼119안전센터,,655,537,서울특별시,강남구,도시,127.0391242,37.50225015,2.8,1.8,0.0,작동기기,기기 전도/복사열/기기발열,부주의,가연물 근접방치,식품,기타(식품),,,,,판매/업무시설,일반업무,오피스텔,4.0,2.0,N,N,N,N,,,,,23.5,,2.0,110.0,46.0,,1794.0,역삼1동
230526002637108,기타(쓰레기 화재등),,,,,,,,,,0,0,0,12,2023,봄,2,20230525,232400,5,25,23,24,목요일,강남소방서,역삼119안전센터,,619,549,서울특별시,강남구,도시,127.0258859,37.50371567,2.4,1.9,0.0,담뱃불/ 라이터불,담뱃불,부주의,담배꽁초,쓰레기류,쓰레기,,,,,기타,야외,쓰레기,,,N,N,N,N,,,,,19.6,,2.0,270.0,50.0,,2000.0,역삼1동
230603200646170,건축/구조물,양식(옥),철근콘크리트조,슬라브가,1.0,11.0,4.0,17502.54,1084.92,사용중,0,0,0,12,2023,여름,2,20230603,181600,6,3,18,16,토요일,강남소방서,역삼119안전센터,,350,402,서울특별시,강남구,도시,127.033436,37.49878547,3.3,1.0,0.0,작동기기,기기 전도/복사열/기기발열,부주의,음식물 조리중,기타,기타,,,,,판매/업무시설,일반업무,오피스텔,8.0,0.0,N,N,N,N,,,,,25.6,,4.0,250.0,41.0,,2000.0,역삼1동
230604153405487,기타(쓰레기 화재등),,,,,,,,,,0,0,0,140,2023,여름,2,20230604,144900,6,4,14,49,일요일,강남소방서,역삼119안전센터,,332,341,서울특별시,강남구,도시,127.0321909,37.50559227,3.9,1.3,0.0,담뱃불/ 라이터불,담뱃불,부주의,담배꽁초,쓰레기류,쓰레기,,,,,기타,야외,쓰레기,,,N,N,N,N,,,,,26.0,,2.0,230.0,40.0,,2000.0,역삼1동
230614205752307,기타(쓰레기 화재등),,,,,,,,,,0,0,0,24,2023,여름,2,20230614,201000,6,14,20,10,수요일,강남소방서,역삼119안전센터,,455,55,서울특별시,강남구,도시,127.0276083,37.50295006,4.5,2.3,0.0,담뱃불/ 라이터불,담뱃불,부주의,담배꽁초,쓰레기류,쓰레기,,,,,기타,야외,쓰레기,,,N,N,N,N,,,,,21.8,,2.0,290.0,78.0,,2000.0,역삼1동
230617185522084,건축/구조물,양식(옥),철근콘크리트조,슬라브가,1.0,17.0,5.0,12986.17,586.51,사용중,0,0,0,53,2023,여름,2,20230617,155200,6,17,15,52,토요일,강남소방서,역삼119안전센터,,414,59,서울특별시,강남구,도시,127.0326619,37.50667425,3.6,1.7,0.0,담뱃불/ 라이터불,담뱃불,부주의,담배꽁초,쓰레기류,쓰레기,,,,,판매/업무시설,일반업무,오피스텔,1.0,0.0,N,N,N,N,,,,,29.9,,3.0,290.0,42.0,,2000.0,역삼1동
230622061721838,건축/구조물,양식(옥),철근콘크리트조,슬라브가,1.0,4.0,0.0,592.31,166.16,철거중,0,0,0,2508,2023,여름,2,20230622,35900,6,22,3,59,목요일,강남소방서,역삼119안전센터,,352,810,서울특별시,강남구,도시,127.0316988,37.49498396,0.8,4.1,0.0,작동기기,전기적 아크(단락),전기적 요인,미확인단락,전기/전자,콘센트/ 스위치류,,,,,판매/업무시설,일반업무,일반빌딩,1.0,0.0,N,N,N,N,,,,,19.3,,1.0,340.0,88.0,,2000.0,역삼1동
230623155151925,기타(쓰레기 화재등),,,,,,,,,,0,0,0,445,2023,여름,2,20230623,134200,6,23,13,42,금요일,강남소방서,역삼119안전센터,,142,1330,서울특별시,강남구,도시,127.0271793,37.50205962,4.3,2.2,0.0,담뱃불/ 라이터불,담뱃불,부주의,담배꽁초,종이/목재/건초등,종이,,,,,기타,야외,쓰레기,,,N,N,N,N,,,,,26.5,,2.0,90.0,67.0,,1692.0,역삼1동
230624023213380,건축/구조물,양식(옥),철근콘크리트조,슬라브가,1.0,5.0,1.0,1313.1,236.03,사용중,0,0,0,12,2023,여름,2,20230624,5200,6,24,0,52,토요일,강남소방서,역삼119안전센터,,357,917,서울특별시,강남구,도시,127.0309593,37.49501046,4.1,1.0,0.0,작동기기,기기 전도/복사열/기기발열,부주의,불씨/불꽃/화원방치,식품,기타(식품),,,,,생활서비스,음식점,횟집,2.0,0.0,N,N,Y,N,,,,,23.8,,1.0,360.0,79.0,,1838.0,역삼1동
230624090556754,건축/구조물,양식(옥),철근콘크리트조,슬라브가,1.0,6.0,1.0,1380.01,203.94,사용중,0,0,0,5017,2023,여름,2,20230624,84200,6,24,8,42,토요일,강남소방서,역삼119안전센터,,303,1042,서울특별시,강남구,도시,127.0387801,37.50283213,3.0,2.0,0.0,담뱃불/ 라이터불,담뱃불,부주의,담배꽁초,쓰레기류,쓰레기,,,,,생활서비스,음식점,일반주점,-1.0,40.0,N,N,Y,N,,,,,24.4,,2.0,90.0,75.0,,2000.0,역삼1동
230626070854233,건축/구조물,양식(옥),철근콘크리트조,슬라브가,,5.0,1.0,597.79,250.3,사용중,0,0,0,795,2023,여름,2,20230626,52200,6,26,5,22,월요일,강남소방서,역삼119안전센터,,514,547,서울특별시,강남구,도시,127.0463341,37.50631558,2.4,1.5,0.0,작동기기,전기적 아크(단락),전기적 요인,트래킹에 의한 단락,전기/전자,전기/ 전자기기 기판,,,,,판매/업무시설,일반업무,일반회사,-1.0,1.0,N,N,N,N,,,,,23.6,1.2,2.0,70.0,85.0,,813.0,역삼1동
230711200912901,자동차/철도차량,,,,,,,,,,0,0,0,1650,2023,여름,3,20230711,180200,7,11,18,2,화요일,강남소방서,역삼119안전센터,,459,1200,서울특별시,강남구,도시,127.0323201,37.4990337,4.2,2.5,0.0,미상,미상,미상,미상,자동차/철도차량/선박/항공기,부품,차량/ 선박부품,촉매장치,미상,미상,자동차/철도차량,자동차,승용자동차,,,N,N,N,N,일반도로,미상,,,21.8,7.1,1.0,110.0,99.0,,1628.0,역삼1동
230726203152512,자동차/철도차량,,,,,,,,,,0,0,0,51,2023,여름,3,20230726,185900,7,26,18,59,수요일,강남소방서,역삼119안전센터,,44,400,서울특별시,강남구,도시,127.0365485,37.50772309,2.7,1.7,0.0,작동기기,기기 전도/복사열/기기발열,부주의,기기(전기/ 기계 등) 사용.설치부주의,합성수지,플라스틱/ PVC/ 비닐/ 장판,,,,,자동차/철도차량,자동차,소형 승합차,,,N,N,N,N,일반도로,기타차량위치,,,29.8,,2.0,290.0,73.0,,2000.0,역삼1동
230801225407688,건축/구조물,양식(옥),철근콘크리트조,슬라브가,1.0,5.0,1.0,913.77,148.26,사용중,0,0,0,96,2023,여름,3,20230801,201500,8,1,20,15,화요일,강남소방서,역삼119안전센터,,454,228,서울특별시,강남구,도시,127.034735,37.50200348,3.2,1.2,0.0,작동기기,전기적 아크(단락),전기적 요인,접촉불량에 의한 단락,전기/전자,전선피복,,,,,판매/업무시설,일반업무,일반빌딩,1.0,0.0,N,N,N,N,,,,,31.4,,1.0,290.0,67.0,,2000.0,역삼1동
230807010244803,기타(쓰레기 화재등),,,,,,,,,,0,0,0,190,2023,여름,3,20230807,1800,8,7,0,18,월요일,강남소방서,역삼119안전센터,,553,0,서울특별시,강남구,도시,127.0277952,37.50019258,3.8,1.9,0.0,담뱃불/ 라이터불,담뱃불,부주의,담배꽁초,쓰레기류,쓰레기,,,,,기타,야외,쓰레기,,,N,N,N,N,,,,,28.8,,2.0,70.0,75.0,,2000.0,역삼1동
230808072252853,건축/구조물,양식(옥),철근콘크리트조,슬라브가,1.0,17.0,6.0,20392.26,733.48,사용중,0,0,0,1127,2023,여름,3,20230808,50300,8,8,5,3,화요일,강남소방서,역삼119안전센터,,448,1556,서울특별시,강남구,도시,127.0472646,37.50438125,2.0,1.5,0.0,작동기기,전기적 아크(단락),전기적 요인,압착/손상에 의한 단락,전기/전자,전선피복,,,,,판매/업무시설,일반업무,오피스텔,17.0,2.0,N,Y,N,N,,,,,26.7,,3.0,70.0,69.0,,2000.0,역삼1동
230817081559446,자동차/철도차량,,,,,,,,,,0,0,0,110,2023,여름,3,20230817,53700,8,17,5,37,목요일,강남소방서,역삼119안전센터,,424,458,서울특별시,강남구,도시,127.0289201,37.49917374,3.7,1.7,0.0,담뱃불/ 라이터불,라이터불/ 성냥불,부주의,기타(부주의),자동차/철도차량/선박/항공기,좌석시트,,,,,자동차/철도차량,자동차,승용자동차,,,N,N,N,N,일반도로,앞좌석,,,24.7,,1.0,270.0,86.0,,2000.0,역삼1동
230824170429514,건축/구조물,양식(옥),철근콘크리트조,슬라브가,1.0,17.0,7.0,60566.75,4444.52,철거중,0,0,0,23320,2023,여름,3,20230824,124600,8,24,12,46,목요일,강남소방서,역삼119안전센터,,408,5157,서울특별시,강남구,도시,127.0277543,37.50482615,4.8,1.5,0.0,불꽃/ 불티,용접/ 절단/ 연마,부주의,용접/ 절단/ 연마,합성수지,기타(합성수지),,,합성수지,플라스틱/ PVC/ 비닐/ 장판,판매/업무시설,숙박시설,호텔,15.0,65.0,N,Y,N,N,,,,,25.3,,3.0,50.0,82.0,,2000.0,역삼1동
230831175700136,기타(쓰레기 화재등),,,,,,,,,,0,0,0,105,2023,여름,3,20230831,161600,8,31,16,16,목요일,강남소방서,역삼119안전센터,,249,0,서울특별시,강남구,도시,127.044147,37.5048467,2.3,1.0,0.0,담뱃불/ 라이터불,담뱃불,부주의,담배꽁초,쓰레기류,쓰레기,,,,,기타,야외,쓰레기,,1.0,N,N,N,N,,,,,28.8,,2.0,270.0,51.0,,2000.0,역삼1동
230903224953255,건축/구조물,양식(옥),철근콘크리트조,슬라브가,1.0,4.0,1.0,1022.47,207.16,사용중,0,0,0,88,2023,가을,3,20230903,210800,9,3,21,8,일요일,강남소방서,역삼119안전센터,,459,404,서울특별시,강남구,도시,127.041846,37.50591379,2.5,1.0,0.0,작동기기,전기적 아크(단락),전기적 요인,접촉불량에 의한 단락,전기/전자,전기/ 전자기기 기판,,,,,주거,공동주택,다세대주택,1.0,1.0,N,N,N,N,,,,,26.4,,3.0,50.0,78.0,,2000.0,역삼1동
230908011928293,건축/구조물,양식(옥),철근콘크리트조,슬라브가,1.0,5.0,1.0,937.78,293.6,사용중,0,0,0,59,2023,가을,3,20230907,235000,9,7,23,50,목요일,강남소방서,역삼119안전센터,,300,0,서울특별시,강남구,도시,127.0346466,37.50069641,3.1,1.6,0.0,담뱃불/ 라이터불,담뱃불,부주의,담배꽁초,쓰레기류,쓰레기,,,,,생활서비스,음식점,한식,1.0,1.0,N,N,N,N,,,,,24.7,,3.0,50.0,55.0,,2000.0,역삼1동
230908084801060,건축/구조물,양식(옥),철근콘크리트조,슬라브가,1.0,11.0,2.0,1988.51,198.2,사용중,0,0,0,19,2023,가을,3,20230908,74000,9,8,7,40,금요일,강남소방서,역삼119안전센터,,358,0,서울특별시,강남구,도시,127.0390235,37.50277132,2.7,1.7,0.0,작동기기,기기 전도/복사열/기기발열,부주의,가연물 근접방치,기타,기타,,,,,판매/업무시설,일반업무,오피스텔,5.0,0.0,N,Y,N,N,,,,,19.8,,2.0,50.0,74.0,,2000.0,역삼1동
230910023142155,건축/구조물,양식(옥),철근콘크리트조,슬라브가,1.0,5.0,1.0,1244.91,230.28,사용중,0,0,0,831,2023,가을,3,20230910,3400,9,10,0,34,일요일,강남소방서,역삼119안전센터,,352,2730,서울특별시,강남구,도시,127.0367152,37.50300569,3.0,1.1,0.0,불꽃/ 불티,기타(불꽃/불티),부주의,불씨/불꽃/화원방치,식품,음식물,,,,,생활서비스,음식점,치킨/족발,1.0,1.0,N,Y,N,N,,,,,24.5,,1.0,290.0,69.0,,2000.0,역삼1동
230911174441433,건축/구조물,양식(옥),철근콘크리트조,슬라브가,1.0,4.0,2.0,9678.07,1341.94,사용중,0,0,0,58,2023,가을,3,20230911,151400,9,11,15,14,월요일,강남소방서,역삼119안전센터,,148,343,서울특별시,강남구,도시,127.0346627,37.50674057,3.6,1.5,0.0,담뱃불/ 라이터불,담뱃불,부주의,담배꽁초,쓰레기류,재활용,,,,,의료/복지시설,의료시설,종합병원,1.0,1.0,N,N,N,N,,,,,29.2,,3.0,250.0,54.0,,2000.0,역삼1동
230913134210975,건축/구조물,양식(옥),벽돌조,슬라브가,1.0,2.0,1.0,269.88,89.96,사용중,0,0,0,13,2023,가을,3,20230913,111800,9,13,11,18,수요일,강남소방서,역삼119안전센터,,731,0,서울특별시,강남구,도시,127.0423617,37.50823549,2.6,1.7,0.0,작동기기,전기적 아크(단락),전기적 요인,압착/손상에 의한 단락,전기/전자,전기/ 전자기기 내부배선,,,,,주거,공동주택,다세대주택,2.0,0.0,N,N,N,N,,,,,24.1,0.1,3.0,50.0,85.0,,912.0,역삼1동
230920125143915,건축/구조물,양식(옥),철근콘크리트조,슬라브가,1.0,9.0,3.0,6088.86,620.55,사용중,0,0,0,4115,2023,가을,3,20230920,103500,9,20,10,35,수요일,강남소방서,역삼119안전센터,,415,0,서울특별시,강남구,도시,127.0336379,37.49717593,2.1,3.8,0.0,작동기기,기기 전도/복사열/기기발열,부주의,가연물 근접방치,쓰레기류,쓰레기,주방기기,전기레인지,,,주거,공동주택,다세대주택,2.0,10.0,N,N,N,N,,,,,21.7,1.7,3.0,50.0,91.0,,393.0,역삼1동
231003140447789,건축/구조물,양식(옥),철근콘크리트조,슬라브가,2.0,6.0,1.0,659.79,175.64,사용중,0,0,0,12,2023,가을,4,20231003,123800,10,3,12,38,화요일,강남소방서,역삼119안전센터,,134,0,서울특별시,강남구,도시,127.0394851,37.49352757,3.0,0.6,0.0,작동기기,기기 전도/복사열/기기발열,부주의,가연물 근접방치,전기/전자,전선피복,,,,,주거,공동주택,기타 공동주택,2.0,0.0,N,Y,N,N,,,,,18.0,,2.0,50.0,66.0,,2000.0,역삼1동
231006170056726,건축/구조물,양식(옥),철근콘크리트조,슬라브가,1.0,6.0,1.0,585.53,166.17,사용중,0,0,0,121,2023,가을,4,20231006,153300,10,6,15,33,금요일,강남소방서,역삼119안전센터,,326,0,서울특별시,강남구,도시,127.0355886,37.49676279,3.8,0.8,0.0,담뱃불/ 라이터불,담뱃불,부주의,담배꽁초,쓰레기류,쓰레기,,,,,주거,공동주택,다세대주택,3.0,2.0,N,Y,N,N,,,,,20.9,,2.0,320.0,34.0,,4922.0,역삼1동
231027153157729,건축/구조물,양식(옥),철근콘크리트조,슬라브가,1.0,3.0,1.0,577.0,156.24,사용중,0,0,0,83,2023,가을,4,20231027,130000,10,27,13,0,금요일,강남소방서,역삼119안전센터,,623,808,서울특별시,강남구,도시,127.0435421,37.50719783,3.0,1.6,0.0,작동기기,기기 전도/복사열/기기발열,부주의,가연물 근접방치,종이/목재/건초등,기타(종이/목재/건초등),,,,,주거,단독주택,다가구주택,2.0,1.0,N,N,N,N,,,,,18.1,,3.0,50.0,59.0,,3007.0,역삼1동
231027194518250,건축/구조물,양식(옥),철근콘크리트조,슬라브가,1.0,11.0,2.0,1988.51,198.2,사용중,0,0,0,172,2023,가을,4,20231027,181300,10,27,18,13,금요일,강남소방서,역삼119안전센터,,434,0,서울특별시,강남구,도시,127.0390235,37.50277132,2.6,1.1,0.0,담뱃불/ 라이터불,담뱃불,부주의,담배꽁초,종이/목재/건초등,목재/ 합판,,,,,생활서비스,음식점,커피숍/다방/카페(휴게),2.0,2.0,N,Y,N,N,,,,,17.0,,1.0,290.0,57.0,,3625.0,역삼1동
231030041501380,자동차/철도차량,,,,,,,,,,0,0,0,23100,2023,가을,4,20231030,13000,10,30,1,30,월요일,강남소방서,역삼119안전센터,,322,957,서울특별시,강남구,도시,127.0339432,37.5073166,5.2,3.4,0.0,작동기기,전기적 아크(단락),부주의,기기(전기/ 기계 등) 사용.설치부주의,전기/전자,전기/ 전자기기 내부배선,차량/ 선박부품,기타(차량/선박부품),,,자동차/철도차량,자동차,승용자동차,,,N,N,N,N,일반도로,엔진룸,,,12.2,,2.0,360.0,72.0,,1919.0,역삼1동
231110011955739,기타(쓰레기 화재등),,,,,,,,,,0,0,0,18,2023,가을,4,20231109,232300,11,9,23,23,목요일,강남소방서,역삼119안전센터,,305,425,서울특별시,강남구,도시,127.037432,37.49914776,3.7,2.2,0.0,담뱃불/ 라이터불,담뱃불,부주의,담배꽁초,쓰레기류,쓰레기,,,쓰레기류,쓰레기,기타,야외,쓰레기,,,N,N,N,N,,,,,10.6,,2.0,290.0,80.0,,1071.0,역삼1동
231112124956352,건축/구조물,양식(옥),철근콘크리트조,슬라브가,1.0,5.0,0.0,537.99,263.4,사용중,0,0,0,83,2023,가을,4,20231112,111200,11,12,11,12,일요일,강남소방서,역삼119안전센터,,230,0,서울특별시,강남구,도시,127.0371548,37.5071364,3.5,2.0,0.0,담뱃불/ 라이터불,담뱃불,부주의,담배꽁초,쓰레기류,재활용,,,,,주거,공동주택,다세대주택,1.0,1.0,N,N,N,N,,,,,2.2,,3.0,270.0,46.0,,3428.0,역삼1동
231113065741343,건축/구조물,양식(옥),철근콘크리트조,슬라브가,1.0,3.0,1.0,504.33,163.77,사용중,0,0,0,1370,2023,가을,4,20231113,43700,11,13,4,37,월요일,강남소방서,역삼119안전센터,,415,2445,서울특별시,강남구,도시,127.0330705,37.50063064,3.8,2.2,0.0,불꽃/ 불티,굴뚝(연통) 아궁이,부주의,불씨/불꽃/화원방치,기타,기타,,,기타,기타,판매/업무시설,일반업무,일반빌딩,-1.0,30.0,N,N,Y,N,,,,,-1.3,,2.0,320.0,69.0,,2487.0,역삼1동
231114184457845,건축/구조물,양식(옥),철근콘크리트조,슬라브가,1.0,16.0,6.0,38335.82,2033.5,사용중,0,0,0,1877,2023,가을,4,20231114,103400,11,14,10,34,화요일,강남소방서,역삼119안전센터,,417,2447,서울특별시,강남구,도시,127.0325377,37.4907311,3.6,1.3,0.0,작동기기,전기적 아크(단락),전기적 요인,절연열화에 의한 단락,전기/전자,전선피복,,,,,판매/업무시설,일반업무,오피스텔,-5.0,10.0,N,Y,N,N,,,,,4.1,,2.0,70.0,63.0,,2228.0,역삼1동
231118001320066,건축/구조물,양식(옥),철근콘크리트조,슬라브가,1.0,16.0,6.0,38335.82,2033.5,사용중,0,0,0,16,2023,가을,4,20231117,113100,11,17,11,31,금요일,강남소방서,역삼119안전센터,,419,15,서울특별시,강남구,도시,127.0324485,37.49096607,3.6,0.6,0.0,작동기기,전기적 아크(단락),전기적 요인,접촉불량에 의한 단락,전기/전자,전선피복,,,,,판매/업무시설,일반업무,오피스텔,3.0,1.0,N,N,N,N,,,,,5.1,,3.0,270.0,42.0,,5000.0,역삼1동
231118022550637,건축/구조물,양식(옥),철근콘크리트조,슬라브가,1.0,5.0,2.0,4123.21,625.83,사용중,0,0,0,549,2023,가을,4,20231118,11800,11,18,1,18,토요일,강남소방서,역삼119안전센터,,346,1100,서울특별시,강남구,도시,127.0314798,37.49379072,3.5,1.1,0.0,작동기기,기기 전도/복사열/기기발열,기계적 요인,과열/ 과부하,기타,기타,,,,,판매/업무시설,일반업무,기타 일반업무시설,1.0,0.0,N,N,N,N,,,,,-2.2,,4.0,290.0,50.0,,4821.0,역삼1동
231118153233318,건축/구조물,양식(옥),철근콘크리트조,슬라브가,1.0,15.0,2.0,4109.07,392.23,사용중,0,0,0,4550,2023,가을,4,20231118,112600,11,18,11,26,토요일,강남소방서,역삼119안전센터,,558,1809,서울특별시,강남구,도시,127.0331066,37.50676359,3.7,2.1,0.0,작동기기,기기 전도/복사열/기기발열,부주의,가연물 근접방치,기타,기타,,,,,판매/업무시설,일반업무,오피스텔,10.0,20.0,N,N,N,N,,,,,1.0,,4.0,270.0,53.0,,2824.0,역삼1동
231121170637261,건축/구조물,양식(옥),철근콘크리트조,슬라브가,1.0,12.0,2.0,1927.33,195.54,신축,0,0,0,12,2023,가을,4,20231121,160000,11,21,16,0,화요일,강남소방서,역삼119안전센터,,430,0,서울특별시,강남구,도시,127.0391973,37.50210849,2.7,1.6,0.0,담뱃불/ 라이터불,담뱃불,부주의,담배꽁초,쓰레기류,쓰레기,,,,,주거,공동주택,주상복합아파트,1.0,0.0,N,N,N,N,,,,,14.5,,2.0,230.0,32.0,,2218.0,역삼1동
231122071827483,건축/구조물,양식(옥),철근콘크리트조,슬라브가,1.0,5.0,0.0,615.76,146.74,사용중,0,0,0,104,2023,가을,4,20231122,54900,11,22,5,49,수요일,강남소방서,역삼119안전센터,,450,1100,서울특별시,강남구,도시,127.0394609,37.50423829,2.8,1.2,0.0,담뱃불/ 라이터불,담뱃불,부주의,담배꽁초,종이/목재/건초등,종이,,,,,주거,단독주택,다가구주택,4.0,0.0,N,N,N,N,,,,,3.6,,2.0,20.0,82.0,,1289.0,역삼1동
231124174144749,건축/구조물,양식(옥),철근콘크리트조,슬라브가,1.0,4.0,1.0,375.8,76.78,사용중,0,0,0,103,2023,가을,4,20231124,165900,11,24,16,59,금요일,강남소방서,역삼119안전센터,,314,33,서울특별시,강남구,도시,127.0323885,37.49215925,4.2,2.2,0.0,담뱃불/ 라이터불,담뱃불,부주의,담배꽁초,쓰레기류,쓰레기,,,,,생활서비스,음식점,패스트푸드,1.0,1.0,N,N,N,N,,,,,1.1,,4.0,290.0,36.0,,4084.0,역삼1동
231213193159830,건축/구조물,양식(옥),철근콘크리트조,슬라브가,1.0,6.0,1.0,2687.58,536.4,사용중,0,0,0,460,2023,겨울,4,20231213,175700,12,13,17,57,수요일,강남소방서,역삼119안전센터,,333,0,서울특별시,강남구,도시,127.03632,37.4936036,4.4,1.9,0.0,작동기기,기기 전도/복사열/기기발열,부주의,가연물 근접방치,기타,기타,,,,,주거,공동주택,다세대주택,5.0,2.0,N,N,N,N,,,,,9.5,,3.0,70.0,64.0,,3832.0,역삼1동
231220213351987,건축/구조물,양식(옥),철근콘크리트조,슬라브가,,3.0,1.0,477.96,132.3,사용중,0,0,0,5690,2023,겨울,4,20231220,160900,12,20,16,9,수요일,강남소방서,역삼119안전센터,,445,3355,서울특별시,강남구,도시,127.0353041,37.50573124,3.4,1.5,0.0,작동기기,전기적 아크(단락),전기적 요인,미확인단락,전기/전자,전선피복,,,,,주거,공동주택,다세대주택,2.0,23.0,N,N,N,N,,,,,-6.2,,4.0,270.0,53.0,0.7,1764.0,역삼1동
231221124830314,건축/구조물,양식(옥),철근콘크리트조,슬라브가,1.0,2.0,2.0,699.72,168.58,신축,0,0,0,250,2023,겨울,4,20231221,112600,12,21,11,26,목요일,강남소방서,역삼119안전센터,,650,25,서울특별시,강남구,도시,127.0313251,37.50448886,3.8,2.8,0.0,작동기기,불꽃/ 스파크/ 정전기,부주의,용접/ 절단/ 연마,합성수지,우레탄,,,,,판매/업무시설,일반업무,일반회사,-1.0,0.0,N,N,N,N,,,,,-12.5,,5.0,290.0,54.0,0.5,2746.0,역삼1동
231225231341947,건축/구조물,양식(옥),철근콘크리트조,슬라브가,1.0,5.0,1.0,1085.16,195.73,사용중,0,0,0,40,2023,겨울,4,20231225,215200,12,25,21,52,월요일,강남소방서,역삼119안전센터,,322,426,서울특별시,강남구,도시,127.046799,37.50563649,2.3,1.6,0.0,작동기기,전기적 아크(단락),전기적 요인,미확인단락,전기/전자,콘센트/ 스위치류,,,,,생활서비스,일상서비스,기타 일상서비스,5.0,1.0,N,Y,N,N,,,,,-1.7,,1.0,290.0,77.0,,1172.0,역삼1동
231227025931483,건축/구조물,양식(옥),철근콘크리트조,슬라브가,1.0,5.0,,677.99,144.55,사용중,0,0,0,94,2023,겨울,4,20231227,13600,12,27,1,36,수요일,강남소방서,역삼119안전센터,,250,1228,서울특별시,강남구,도시,127.0364667,37.49411653,3.8,0.6,0.0,작동기기,전기적 아크(단락),전기적 요인,트래킹에 의한 단락,전기/전자,콘센트/ 스위치류,,,,,주거,공동주택,다세대주택,2.0,1.0,N,N,N,N,,,,,0.1,,1.0,50.0,84.0,,572.0,역삼1동
231227194633882,건축/구조물,양식(옥),철근콘크리트조,슬라브가,1.0,4.0,1.0,782.64,200.22,사용중,0,0,0,903,2023,겨울,4,20231227,142900,12,27,14,29,수요일,강남소방서,역삼119안전센터,,223,802,서울특별시,강남구,도시,127.0414539,37.50707496,3.0,3.0,0.0,작동기기,기기 전도/복사열/기기발열,기계적 요인,과열/ 과부하,합성수지,플라스틱/ PVC/ 비닐/ 장판,,,,,주거,공동주택,다세대주택,-1.0,3.0,N,N,N,N,,,,,5.8,,2.0,360.0,61.0,,585.0,역삼1동
231231202739588,건축/구조물,양식(옥),철근콘크리트조,슬라브가,1.0,6.0,2.0,1896.33,214.23,사용중,0,0,0,393,2023,겨울,4,20231231,180000,12,31,18,0,일요일,강남소방서,역삼119안전센터,,152,1825,서울특별시,강남구,도시,127.0396046,37.49446178,3.6,1.4,0.0,작동기기,전기적 아크(단락),전기적 요인,층간단락,전기/전자,작동장치(모터/ 히터/ 램프 등),,,,,생활서비스,오락시설,PC방(인터넷게임제공업),-1.0,3.0,N,N,Y,N,,,,,3.1,,1.0,250.0,89.0,2.5,1503.0,역삼1동
240101101509065,건축/구조물,양식(옥),철근콘크리트조,슬라브가,1.0,3.0,1.0,555.85,0.0,사용중,0,0,0,319,2024,겨울,1,20240101,83800,1,1,8,38,월요일,강남소방서,역삼119안전센터,,342,19,서울특별시,강남구,도시,127.0388074,37.50310576,2.8,1.3,0.0,작동기기,기기 전도/복사열/기기발열,기계적 요인,과열/ 과부하,전기/전자,작동장치(모터/ 히터/ 램프 등),,,,,생활서비스,음식점,횟집,1.0,0.0,N,N,N,N,,,,,,,,,,,,역삼1동
240110093901143,건축/구조물,양식(옥),철근콘크리트조,슬라브가,1.0,5.0,1.0,599.94,99.0,사용중,0,0,0,15728,2024,겨울,1,20240110,81400,1,10,8,14,수요일,강남소방서,역삼119안전센터,,216,2919,서울특별시,강남구,도시,127.0346201,37.49885367,3.7,2.0,0.0,작동기기,전기적 아크(단락),전기적 요인,미확인단락,전기/전자,전기/ 전자기기 절연유,,,,,생활서비스,음식점,치킨/족발,1.0,79.0,N,N,N,N,,,,,-3.7,,2.0,340.0,94.0,2.9,342.0,역삼1동
240115205853764,건축/구조물,양식(옥),벽돌조,슬라브가,1.0,2.0,1.0,299.51,118.38,사용중,0,0,0,800,2024,겨울,1,20240115,193100,1,15,19,31,월요일,강남소방서,역삼119안전센터,,0,1842,서울특별시,강남구,도시,127.031171,37.5034768,3.7,2.6,0.0,작동기기,기기 전도/복사열/기기발열,부주의,기타(부주의),기타,기타,,,,,주거,단독주택,단독주택,1.0,0.0,N,N,N,N,,,,,-2.0,,3.0,270.0,41.0,,4352.0,역삼1동
240118233350497,기타(쓰레기 화재등),,,,,,,,,,0,0,0,50,2024,겨울,1,20240118,225300,1,18,22,53,목요일,강남소방서,역삼119안전센터,,238,522,서울특별시,강남구,도시,127.0438121,37.50492719,2.4,1.3,0.0,담뱃불/ 라이터불,담뱃불,부주의,담배꽁초,쓰레기류,재활용,,,,,기타,야외,쓰레기,,,N,N,N,N,,,,,4.8,,4.0,50.0,75.0,,1969.0,역삼1동
240123151126301,건축/구조물,양식(옥),철근콘크리트조,슬라브가,1.0,5.0,1.0,1014.64,194.2,사용중,0,0,0,299,2024,겨울,1,20240123,125800,1,23,12,58,화요일,강남소방서,역삼119안전센터,,334,48,서울특별시,강남구,도시,127.0402772,37.50567057,2.8,1.3,0.0,담뱃불/ 라이터불,담뱃불,부주의,담배꽁초,쓰레기류,쓰레기,,,,,주거,단독주택,다가구주택,1.0,0.0,N,Y,N,N,,,,,-10.4,,4.0,270.0,49.0,,3110.0,역삼1동
240124235358735,건축/구조물,양식(옥),철근콘크리트조,슬라브가,1.0,9.0,3.0,4286.27,355.05,사용중,0,0,0,1130,2024,겨울,1,20240124,215200,1,24,21,52,수요일,강남소방서,역삼119안전센터,,331,2201,서울특별시,강남구,도시,127.0426827,37.5096577,3.1,1.9,0.0,불꽃/ 불티,용접/ 절단/ 연마,부주의,용접/ 절단/ 연마,합성수지,기타(합성수지),,,,,판매/업무시설,일반업무,일반빌딩,-1.0,8.0,N,Y,N,N,,,,,-7.1,,2.0,290.0,55.0,,2856.0,역삼1동
240128213701825,건축/구조물,양식(옥),철근콘크리트조,슬라브가,1.0,3.0,1.0,435.34,115.14,사용중,0,0,0,6,2024,겨울,1,20240128,203900,1,28,20,39,일요일,강남소방서,역삼119안전센터,,300,0,서울특별시,강남구,도시,127.0363742,37.49267117,4.1,1.0,0.0,작동기기,전기적 아크(단락),제품결함,기타(제품결함),전기/전자,작동장치(모터/ 히터/ 램프 등),계절용 기기,전기히터/스토브,,,주거,공동주택,다세대주택,-1.0,0.0,N,N,N,N,,,,,-0.9,,2.0,270.0,64.0,,2328.0,역삼1동
240129230205105,건축/구조물,양식(옥),철근콘크리트조,슬라브가,1.0,3.0,1.0,538.48,134.62,사용중,0,0,0,718,2024,겨울,1,20240129,205500,1,29,20,55,월요일,강남소방서,역삼119안전센터,,143,2441,서울특별시,강남구,도시,127.0393271,37.49341217,3.7,0.5,0.0,불꽃/ 불티,용접/ 절단/ 연마,부주의,용접/ 절단/ 연마,종이/목재/건초등,목재/ 합판,,,,,주거,기타주택,기타 주택,1.0,5.0,N,N,N,N,,,,,0.8,,3.0,320.0,64.0,,1197.0,역삼1동
240203040333305,건축/구조물,양식(옥),철근콘크리트조,슬라브가,1.0,4.0,1.0,498.92,113.15,사용중,0,0,0,400,2024,겨울,1,20240203,30800,2,3,3,8,토요일,강남소방서,역삼119안전센터,,257,333,서울특별시,강남구,도시,127.0429203,37.5045036,2.4,0.9,0.0,작동기기,기기 전도/복사열/기기발열,기계적 요인,과열/ 과부하,기타,기타,,,,,생활서비스,음식점,커피숍/다방/카페,1.0,0.0,N,N,N,N,,,,,-0.2,,2.0,50.0,78.0,,826.0,역삼1동
240216223143181,건축/구조물,양식(옥),철근콘크리트조,슬라브가,1.0,5.0,1.0,1345.37,234.3,사용중,0,0,0,824,2024,겨울,1,20240216,202100,2,16,20,21,금요일,강남소방서,역삼119안전센터,,326,4644,서울특별시,강남구,도시,127.0312806,37.49546458,2.9,1.2,0.0,불꽃/ 불티,모닥불/ 연탄/ 숯,부주의,불씨/불꽃/화원방치,종이/목재/건초등,목재/ 합판,,,,,생활서비스,음식점,한식,1.0,5.0,N,Y,N,N,,,,,3.0,,3.0,270.0,67.0,,1361.0,역삼1동
240226162340188,건축/구조물,양식(옥),철근콘크리트조,슬라브가,1.0,5.0,1.0,1381.71,248.0,사용중,0,0,0,34,2024,겨울,1,20240226,144400,2,26,14,44,월요일,강남소방서,역삼119안전센터,,616,2344,서울특별시,강남구,도시,127.0351597,37.50540708,3.4,2.4,0.0,작동기기,전기적 아크(단락),전기적 요인,미확인단락,기타,기타,조명/ 간판,LED조명,,,생활서비스,오락시설,기타 오락시설,-1.0,1.0,N,N,N,N,,,,,8.4,,1.0,50.0,45.0,,3375.0,역삼1동
240229155645548,건축/구조물,양식(옥),철근콘크리트조,슬라브가,1.0,5.0,0.0,630.11,166.38,사용중,0,0,0,65,2024,겨울,1,20240229,140600,2,29,14,6,목요일,강남소방서,역삼119안전센터,,308,43,서울특별시,강남구,도시,127.0410372,37.50887971,3.2,1.6,0.0,작동기기,전기적 아크(단락),전기적 요인,미확인단락,전기/전자,전선피복,,,,,주거,공동주택,다세대주택,1.0,1.0,N,Y,N,N,,,,,8.4,,1.0,270.0,55.0,,1125.0,역삼1동
240308150704786,기타(쓰레기 화재등),,,,,,,,,,0,0,0,692,2024,봄,1,20240308,132800,3,8,13,28,금요일,강남소방서,역삼119안전센터,,342,928,서울특별시,강남구,도시,127.0342037,37.50535676,3.4,1.4,0.0,담뱃불/ 라이터불,담뱃불,부주의,담배꽁초,종이/목재/건초등,건초,,,,,기타,야외,쓰레기,,,N,N,N,N,,,,,5.9,,5.0,270.0,32.0,,2785.0,역삼1동
240310123731115,기타(쓰레기 화재등),,,,,,,,,,0,0,0,16,2024,봄,1,20240310,113300,3,10,11,33,일요일,강남소방서,역삼119안전센터,,339,748,서울특별시,강남구,도시,127.03162,37.49552368,4.3,1.1,0.0,담뱃불/ 라이터불,라이터불/ 성냥불,부주의,담배꽁초,쓰레기류,쓰레기,,,,,기타,야외,쓰레기,,,N,N,N,N,,,,,6.3,,2.0,200.0,42.0,,2197.0,역삼1동
240313123607418,건축/구조물,양식(옥),철근콘크리트조,슬라브가,1.0,13.0,3.0,4995.93,323.36,사용중,0,0,0,132,2024,봄,1,20240313,110900,3,13,11,9,수요일,강남소방서,역삼119안전센터,,418,37,서울특별시,강남구,도시,127.0303605,37.49614553,5.1,1.3,0.0,작동기기,기기 전도/복사열/기기발열,부주의,가연물 근접방치,기타,기타,,,,,판매/업무시설,일반업무,오피스텔,7.0,0.0,N,N,N,N,,,,,8.6,,3.0,200.0,58.0,,1690.0,역삼1동
240318202318250,건축/구조물,양식(옥),철근콘크리트조,시멘트기와,,2.0,1.0,324.57,180.51,사용중,0,0,0,57,2024,봄,1,20240318,193000,3,18,19,30,월요일,강남소방서,역삼119안전센터,,510,500,서울특별시,강남구,도시,127.0287539,37.50043503,3.7,2.1,0.0,담뱃불/ 라이터불,담뱃불,부주의,담배꽁초,쓰레기류,재활용,,,,,생활서비스,음식점,호프집,1.0,1.0,N,N,N,N,,,,,8.3,,4.0,290.0,18.0,,5000.0,역삼1동
240320204334272,기타(쓰레기 화재등),,,,,,,,,,0,0,0,42,2024,봄,1,20240320,191100,3,20,19,11,수요일,강남소방서,역삼119안전센터,,405,700,서울특별시,강남구,도시,127.0301605,37.49630064,3.8,1.4,0.0,담뱃불/ 라이터불,담뱃불,부주의,담배꽁초,쓰레기류,쓰레기,,,,,기타,야외,쓰레기,,,N,N,N,N,,,,,5.3,,3.0,250.0,51.0,,2769.0,역삼1동
240402165656107,건축/구조물,양식(옥),철근콘크리트조,슬라브가,,6.0,0.0,962.88,262.7,사용중,0,0,0,221,2024,봄,2,20240402,155500,4,2,15,55,화요일,강남소방서,역삼119안전센터,,300,800,서울특별시,강남구,도시,127.0390326,37.49336887,3.8,1.3,0.0,담뱃불/ 라이터불,담뱃불,부주의,담배꽁초,쓰레기류,쓰레기,,,,,주거,공동주택,다세대주택,1.0,3.0,N,N,N,N,,,,,23.6,,4.0,270.0,22.0,,1956.0,역삼1동
240411083521517,건축/구조물,양식(옥),철근콘크리트조,슬라브가,1.0,11.0,2.0,1998.92,185.71,사용중,0,0,0,3741,2024,봄,2,20240411,54200,4,11,5,42,목요일,강남소방서,역삼119안전센터,,328,1942,서울특별시,강남구,도시,127.035352,37.49909899,2.4,3.5,0.0,작동기기,전기적 아크(단락),전기적 요인,과부하/과전류,전기/전자,기타(전기/전자),생활기기,전동킥보드,,,판매/업무시설,일반업무,일반회사,11.0,10.0,N,Y,N,N,,,,,11.7,,2.0,50.0,79.0,,1368.0,역삼1동
240412205238345,기타(쓰레기 화재등),,,,,,,,,,0,0,0,52,2024,봄,2,20240412,181900,4,12,18,19,금요일,강남소방서,역삼119안전센터,,748,0,서울특별시,강남구,도시,127.0274208,37.50332357,4.5,2.4,0.0,담뱃불/ 라이터불,담뱃불,부주의,담배꽁초,쓰레기류,쓰레기,,,,,기타,야외,쓰레기,,1.0,N,N,N,N,,,,,21.7,,3.0,270.0,47.0,,2571.0,역삼1동
240420162240801,건축/구조물,양식(옥),철근콘크리트조,슬라브가,1.0,4.0,1.0,575.29,117.34,사용중,0,0,0,135,2024,봄,2,20240420,143200,4,20,14,32,토요일,강남소방서,역삼119안전센터,,453,928,서울특별시,강남구,도시,127.0268897,37.50164387,4.2,1.9,0.0,작동기기,불꽃/ 스파크/ 정전기,부주의,음식물 조리중,식품,음식물,,,,,생활서비스,음식점,기타 음식점,-1.0,0.0,N,N,N,N,,,,,16.1,0.2,3.0,50.0,77.0,,1248.0,역삼1동
240425201459104,기타(쓰레기 화재등),,,,,,,,,,0,0,0,58,2024,봄,2,20240425,193000,4,25,19,30,목요일,강남소방서,역삼119안전센터,,130,30,서울특별시,강남구,도시,127.040595,37.50569303,2.6,1.3,0.0,담뱃불/ 라이터불,담뱃불,부주의,담배꽁초,쓰레기류,쓰레기,,,,,기타,야외,쓰레기,,1.0,N,N,N,N,,,,,18.0,,3.0,270.0,61.0,,692.0,역삼1동
240426082916455,건축/구조물,양식(옥),철근콘크리트조,슬라브가,1.0,12.0,4.0,24532.6,33.0,사용중,0,1,1,2205,2024,봄,2,20240426,60400,4,26,6,4,금요일,강남소방서,역삼119안전센터,,344,2737,서울특별시,강남구,도시,127.0350268,37.4985647,5.5,1.5,0.0,담뱃불/ 라이터불,담뱃불,부주의,담배꽁초,침구/직물류,이불(베개/시트),,,,,판매/업무시설,일반업무,오피스텔,3.0,5.0,N,Y,N,N,,,,,11.5,,2.0,20.0,89.0,,493.0,역삼1동
240429034627862,건축/구조물,양식(옥),철근콘크리트조,슬라브가,1.0,10.0,1.0,1947.88,191.52,사용중,0,0,0,499,2024,봄,2,20240429,12300,4,29,1,23,월요일,강남소방서,역삼119안전센터,,414,2805,서울특별시,강남구,도시,127.0385078,37.50241875,2.0,1.5,0.0,작동기기,기기 전도/복사열/기기발열,부주의,기타(부주의),침구/직물류,기타(침구/직물류),,,,,판매/업무시설,숙박시설,호텔,5.0,0.0,N,Y,N,N,,,,,19.0,,3.0,50.0,53.0,,2312.0,역삼1동
240502233310834,건축/구조물,양식(옥),철골조,샌드위치패널,1.0,2.0,0.0,199.95,167.19,사용중,0,0,0,75925,2024,봄,2,20240502,160700,5,2,16,7,목요일,강남소방서,역삼119안전센터,,621,5858,서울특별시,강남구,도시,127.0308407,37.50423572,3.8,2.8,0.0,작동기기,전기적 아크(단락),전기적 요인,접촉불량에 의한 단락,전기/전자,전선피복,,,,,생활서비스,일상서비스,사진관,1.0,32.0,N,N,N,N,,,,,23.3,,3.0,250.0,32.0,,2897.0,역삼1동
240510000725695,건축/구조물,양식(옥),철근콘크리트조,슬라브가,,5.0,1.0,687.24,117.78,사용중,0,0,0,8,2024,봄,2,20240509,223800,5,9,22,38,목요일,강남소방서,역삼119안전센터,,320,0,서울특별시,강남구,도시,127.0276821,37.50061671,3.8,2.1,0.0,불꽃/ 불티,모닥불/ 연탄/ 숯,부주의,불씨/불꽃/화원방치,종이/목재/건초등,기타(종이/목재/건초등),,,,,생활서비스,음식점,양식,3.0,0.0,N,N,N,N,,,,,15.4,,2.0,200.0,74.0,,1459.0,역삼1동
240512232259690,건축/구조물,양식(옥),철근콘크리트조,슬라브가,,14.0,5.0,8681.24,456.72,사용중,0,0,0,73,2024,봄,2,20240512,213700,5,12,21,37,일요일,강남소방서,역삼119안전센터,,1240,0,서울특별시,강남구,도시,127.0302609,37.49759401,3.8,1.4,0.0,작동기기,전기적 아크(단락),전기적 요인,미확인단락,전기/전자,기타(전기/전자),생활기기,휴대폰,,,판매/업무시설,일반업무,오피스텔,7.0,1.0,N,Y,N,N,,,,,17.5,,4.0,320.0,53.0,,2695.0,역삼1동
240520171034182,건축/구조물,양식(옥),철근콘크리트조,슬라브가,1.0,4.0,0.0,266.2,118.68,사용중,0,0,0,7956,2024,봄,2,20240520,135800,5,20,13,58,월요일,강남소방서,역삼119안전센터,,148,1321,서울특별시,강남구,도시,127.0371323,37.49465684,3.9,1.9,0.0,작동기기,기기 전도/복사열/기기발열,부주의,가연물 근접방치,미상,미상,주방기기,전기레인지,,,주거,단독주택,다가구주택,4.0,19.0,N,N,N,N,,,,,22.7,,4.0,250.0,63.0,,2695.0,역삼1동
240602144947578,기타(쓰레기 화재등),,,,,,,,,,0,0,0,30,2024,여름,2,20240602,120900,6,2,12,9,일요일,강남소방서,역삼119안전센터,,200,0,서울특별시,강남구,도시,127.0406456,37.50469262,2.7,1.0,0.0,담뱃불/ 라이터불,담뱃불,부주의,담배꽁초,쓰레기류,쓰레기,,,,,기타,야외,쓰레기,,,N,N,N,N,,,,,23.8,,3.0,290.0,40.0,,3877.0,역삼1동
240604130908782,건축/구조물,양식(옥),철근콘크리트조,슬라브가,1.0,4.0,1.0,1460.18,306.84,사용중,0,0,0,134,2024,여름,2,20240604,112700,6,4,11,27,화요일,강남소방서,역삼119안전센터,,333,0,서울특별시,강남구,도시,127.0479091,37.5060515,3.1,2.6,0.0,작동기기,전기적 아크(단락),전기적 요인,층간단락,전기/전자,기타(전기/전자),기타,기타,,,생활서비스,일상서비스,의류,-1.0,2.0,N,Y,N,N,,,,,25.6,,2.0,50.0,33.0,,4162.0,역삼1동
240617093525453,건축/구조물,양식(옥),철근콘크리트조,슬라브가,1.0,5.0,1.0,767.22,171.25,사용중,0,0,0,287,2024,여름,2,20240617,81300,6,17,8,13,월요일,강남소방서,역삼119안전센터,,530,347,서울특별시,강남구,도시,127.0455318,37.50656709,2.4,2.4,0.0,작동기기,기기 전도/복사열/기기발열,부주의,가연물 근접방치,합성수지,플라스틱/ PVC/ 비닐/ 장판,,,,,주거,공동주택,다세대주택,1.0,5.0,N,Y,N,N,,,,,22.5,,1.0,70.0,61.0,,2599.0,역삼1동
240627151624722,건축/구조물,양식(옥),철근콘크리트조,슬라브가,1.0,4.0,1.0,751.48,166.65,사용중,0,0,0,12,2024,여름,2,20240627,94600,6,27,9,46,목요일,강남소방서,역삼119안전센터,,355,29,서울특별시,강남구,도시,127.0396943,37.50631178,5.2,1.5,0.0,작동기기,전기적 아크(단락),전기적 요인,과부하/과전류,전기/전자,전선피복,,,,,판매/업무시설,일반업무,일반회사,3.0,0.0,N,N,N,N,,,,,26.2,,2.0,70.0,56.0,,2932.0,역삼1동
240703094454024,건축/구조물,양식(옥),철근콘크리트조,슬라브가,1.0,18.0,6.0,19933.13,702.0,사용중,0,0,0,4,2024,여름,3,20240703,81700,7,3,8,17,수요일,강남소방서,역삼119안전센터,,333,0,서울특별시,강남구,도시,127.030965,37.49185465,4.4,0.6,0.0,작동기기,전기적 아크(단락),전기적 요인,접촉불량에 의한 단락,전기/전자,전선피복,,,,,판매/업무시설,일반업무,일반빌딩,8.0,0.0,N,Y,N,N,,,,,23.7,0.0,4.0,230.0,83.0,,2474.0,역삼1동
240704205829544,건축/구조물,양식(옥),철근콘크리트조,슬라브가,1.0,4.0,1.0,658.73,157.2,사용중,0,0,0,7,2024,여름,3,20240704,190400,7,4,19,4,목요일,강남소방서,역삼119안전센터,,424,250,서울특별시,강남구,도시,127.0428668,37.50817125,2.8,1.6,0.0,담뱃불/ 라이터불,담뱃불,부주의,담배꽁초,쓰레기류,재활용,,,,,주거,공동주택,다세대주택,1.0,0.0,N,N,N,N,,,,,29.0,0.0,3.0,160.0,65.0,,1570.0,역삼1동
240706225635365,건축/구조물,양식(옥),철근콘크리트조,슬라브가,1.0,13.0,2.0,1999.83,191.15,사용중,0,0,0,60,2024,여름,3,20240706,195700,7,6,19,57,토요일,강남소방서,역삼119안전센터,,356,42,서울특별시,강남구,도시,127.0322616,37.49839408,4.7,1.6,0.0,작동기기,기기 전도/복사열/기기발열,부주의,음식물 조리중,식품,음식물,,,,,주거,공동주택,기타 공동주택,2.0,1.0,N,Y,N,N,,,,,27.1,,5.0,200.0,81.0,,1308.0,역삼1동
240727203030170,건축/구조물,양식(옥),철근콘크리트조,슬라브가,1.0,5.0,1.0,594.27,137.93,사용중,0,0,0,1439,2024,여름,3,20240727,150600,7,27,15,6,토요일,강남소방서,역삼119안전센터,,456,3916,서울특별시,강남구,도시,127.0398962,37.50418534,2.7,1.7,0.0,작동기기,불꽃/ 스파크/ 정전기,전기적 요인,트래킹에 의한 단락,전기/전자,콘센트/ 스위치류,,,,,주거,단독주택,상가주택(주택부분에서 화재가 발생한 경우에만 해당),-1.0,25.0,N,N,N,N,,,,,30.9,4.8,3.0,200.0,79.0,,3472.0,역삼1동
240801193932760,건축/구조물,양식(옥),철근콘크리트조,슬라브가,,11.0,3.0,4018.07,283.52,사용중,0,0,0,52,2024,여름,3,20240801,180300,8,1,18,3,목요일,강남소방서,역삼119안전센터,,346,0,서울특별시,강남구,도시,127.0303842,37.49480744,3.6,1.0,0.0,작동기기,전기적 아크(단락),전기적 요인,접촉불량에 의한 단락,전기/전자,콘센트/ 스위치류,,,,,생활서비스,음식점,한식,2.0,1.0,Y,Y,Y,N,,,,,32.6,,3.0,230.0,67.0,,2973.0,역삼1동
240801220845920,건축/구조물,양식(옥),철근콘크리트조,슬라브가,1.0,0.0,1.0,6125.37,0.0,사용중,0,0,0,8,2024,여름,3,20240801,195000,8,1,19,50,목요일,강남소방서,역삼119안전센터,,401,0,서울특별시,강남구,도시,127.0278116,37.49802337,4.7,3.5,0.0,불꽃/ 불티,용접/ 절단/ 연마,부주의,용접/ 절단/ 연마,가연성가스,프로판가스,,,,,판매/업무시설,판매시설,지하상가,-1.0,0.0,N,Y,N,N,,,,,31.7,,2.0,230.0,68.0,,3049.0,역삼1동
240803150628869,건축/구조물,양식(옥),철근콘크리트조,슬라브가,1.0,3.0,1.0,556.3,1150.08,사용중,0,0,0,471,2024,여름,3,20240803,125900,8,3,12,59,토요일,강남소방서,역삼119안전센터,,243,2024,서울특별시,강남구,도시,127.0392766,37.50328427,2.8,0.8,0.0,미상,미상,미상,미상,쓰레기류,쓰레기,,,,,판매/업무시설,일반업무,일반빌딩,1.0,0.0,N,N,N,N,,,,,32.0,,3.0,250.0,69.0,,1139.0,역삼1동
240825023854040,건축/구조물,양식(옥),철근콘크리트조,슬라브가,1.0,9.0,1.0,1976.65,196.98,사용중,0,0,0,55,2024,여름,3,20240825,12400,8,25,1,24,일요일,강남소방서,역삼119안전센터,,310,1303,서울특별시,강남구,도시,127.0326158,37.49853566,4.2,1.7,0.0,불꽃/ 불티,모닥불/ 연탄/ 숯,부주의,불씨/불꽃/화원방치,침구/직물류,기타(침구/직물류),,,,,판매/업무시설,일반업무,일반빌딩,1.0,0.0,N,Y,N,N,,,,,26.1,,0.0,0.0,80.0,,1290.0,역삼1동
240828024815654,건축/구조물,양식(옥),철근콘크리트조,슬라브가,,4.0,0.0,415.09,158.38,사용중,0,0,0,109,2024,여름,3,20240827,235700,8,27,23,57,화요일,강남소방서,역삼119안전센터,,433,0,서울특별시,강남구,도시,127.0435184,37.50696267,2.9,1.3,0.0,작동기기,전기적 아크(단락),전기적 요인,트래킹에 의한 단락,전기/전자,전선피복,,,,,주거,단독주택,다가구주택,4.0,1.0,N,N,N,N,,,,,25.4,,2.0,50.0,71.0,,2938.0,역삼1동
240923214622724,건축/구조물,양식(옥),철근콘크리트조,슬라브가,3.0,15.0,2.0,37453.3,9379.4,사용중,0,0,0,737,2024,가을,3,20240923,185700,9,23,18,57,월요일,강남소방서,역삼119안전센터,,215,41,서울특별시,강남구,도시,127.0357215,37.49257319,0.9,0.9,4.1,미상,미상,미상,미상,미상,미상,,,합성수지,우레탄,주거,공동주택,아파트,11.0,1.0,N,N,N,N,,,,,24.0,,2.0,50.0,47.0,,4529.0,역삼1동
241030001214386,기타(쓰레기 화재등),,,,,,,,,,0,0,0,412,2024,가을,4,20241029,221500,10,29,22,15,화요일,강남소방서,역삼119안전센터,,123,0,서울특별시,강남구,도시,127.0291953,37.49521636,4.0,1.7,0.0,작동기기,전기적 아크(단락),전기적 요인,미확인단락,전기/전자,기타(전기/전자),차량/ 선박부품,배터리,,,기타,도로,기타도로,,,N,N,N,N,,,,,13.9,,1.0,50.0,74.0,,2807.0,역삼1동
241106222911989,건축/구조물,양식(옥),철근콘크리트조,슬라브가,1.0,15.0,2.0,4109.07,392.23,사용중,0,0,0,2289,2024,가을,4,20241106,203000,11,6,20,30,수요일,강남소방서,역삼119안전센터,,345,0,서울특별시,강남구,도시,127.0331115,37.50676556,3.7,1.6,0.0,작동기기,기기 전도/복사열/기기발열,부주의,기타(부주의),침구/직물류,의류,,,,,판매/업무시설,일반업무,오피스텔,10.0,10.0,N,Y,N,N,,,,,7.7,,3.0,320.0,42.0,,2912.0,역삼1동
241112215402007,건축/구조물,양식(옥),철근콘크리트조,슬라브가,1.0,15.0,5.0,28686.96,1656.0,사용중,0,0,0,715,2024,가을,4,20241112,200800,11,12,20,8,화요일,강남소방서,역삼119안전센터,,242,48,서울특별시,강남구,도시,127.0320407,37.49241527,4.2,2.3,0.0,불꽃/ 불티,모닥불/ 연탄/ 숯,부주의,불씨/불꽃/화원방치,쓰레기류,기타 쓰레기,,,,,생활서비스,음식점,치킨/족발,-1.0,5.0,N,Y,N,N,,,,,13.9,,2.0,290.0,73.0,,1392.0,역삼1동
241114132221961,자동차/철도차량,,,,,,,,,,0,0,0,42576,2024,가을,4,20241114,110900,11,14,11,9,목요일,강남소방서,역삼119안전센터,,154,0,서울특별시,강남구,도시,127.0355485,37.49099879,4.3,0.8,0.0,미상,미상,미상,미상,미상,미상,,,,,자동차/철도차량,자동차,승용자동차,,,N,N,N,N,일반도로,,,,15.4,,2.0,110.0,68.0,,1982.0,역삼1동
241125010130833,건축/구조물,양식(옥),철근콘크리트조,슬라브가,1.0,15.0,5.0,47541.42,2863.26,사용중,0,0,0,1984,2024,가을,4,20241124,235500,11,24,23,55,일요일,강남소방서,역삼119안전센터,,253,2137,서울특별시,강남구,도시,127.0303598,37.49540441,4.4,1.3,0.0,작동기기,기타(작동기기),부주의,기기(전기/ 기계 등) 사용.설치부주의,위험물등,기타 제4류 위험물,기타,기타,,,주거,공동주택,주상복합아파트,14.0,5.0,N,N,N,N,,,,,6.3,,0.0,0.0,60.0,,2880.0,역삼1동
241129165249966,건축/구조물,양식(옥),철근콘크리트조,슬라브가,1.0,17.0,4.0,12970.7,629.2,사용중,0,0,0,19,2024,가을,4,20241129,153100,11,29,15,31,금요일,강남소방서,역삼119안전센터,,351,0,서울특별시,강남구,도시,127.0323482,37.49901218,3.3,1.5,0.0,작동기기,전기적 아크(단락),전기적 요인,미확인단락,전기/전자,전기/ 전자기기 내부배선,,,,,판매/업무시설,일반업무,일반빌딩,-1.0,0.0,N,Y,N,N,,,,,2.7,0.0,2.0,290.0,63.0,8.9,2421.0,역삼1동
241203152914105,건축/구조물,양식(옥),철근콘크리트조,슬라브가,1.0,6.0,1.0,1952.55,366.46,사용중,0,0,0,66,2024,겨울,4,20241203,142300,12,3,14,23,화요일,강남소방서,역삼119안전센터,,412,618,서울특별시,강남구,도시,127.039445,37.49278641,4.0,0.8,0.0,담뱃불/ 라이터불,담뱃불,부주의,담배꽁초,쓰레기류,쓰레기,,,,,판매/업무시설,일반업무,일반회사,1.0,1.0,N,N,N,N,,,,,4.6,,3.0,290.0,31.0,,4103.0,역삼1동
241204140757281,기타(쓰레기 화재등),,,,,,,,,,0,0,0,34,2024,겨울,4,20241204,132500,12,4,13,25,수요일,강남소방서,역삼119안전센터,,350,17,서울특별시,강남구,도시,127.0340202,37.50474372,3.5,1.4,1.4,담뱃불/ 라이터불,담뱃불,부주의,담배꽁초,종이/목재/건초등,종이,,,,,기타,야외,쓰레기,,2.0,N,N,N,N,,,,,5.4,,3.0,290.0,34.0,,3927.0,역삼1동
241214183042965,건축/구조물,양식(옥),철근콘크리트조,슬라브가,1.0,2.0,2.0,582.76,135.19,신축,0,0,0,12154,2024,겨울,4,20241214,133900,12,14,13,39,토요일,강남소방서,역삼119안전센터,,422,4143,서울특별시,강남구,도시,127.0290717,37.5022608,3.4,1.1,0.0,불꽃/ 불티,용접/ 절단/ 연마,부주의,용접/ 절단/ 연마,침구/직물류,부직포,,,침구/직물류,부직포,판매/업무시설,일반업무,일반빌딩,3.0,55.0,N,N,N,N,,,,,1.5,,3.0,270.0,40.0,,2872.0,역삼1동
241215000848934,건축/구조물,양식(옥),철근콘크리트조,슬라브가,1.0,5.0,1.0,883.85,280.4,사용중,0,0,0,147,2024,겨울,4,20241214,220600,12,14,22,6,토요일,강남소방서,역삼119안전센터,,318,402,서울특별시,강남구,도시,127.0349621,37.4993479,3.3,1.1,0.0,담뱃불/ 라이터불,담뱃불,부주의,담배꽁초,쓰레기류,쓰레기,,,,,판매/업무시설,판매시설,기타 판매시설,1.0,0.0,N,N,N,N,,,,,-1.2,,0.0,0.0,50.0,,3647.0,역삼1동
241216045313613,건축/구조물,양식(옥),철근콘크리트조,슬라브가,1.0,4.0,1.0,1606.01,190.4,사용중,0,0,0,367,2024,겨울,4,20241216,43200,12,16,4,32,월요일,강남소방서,역삼119안전센터,,342,48,서울특별시,강남구,도시,127.0328334,37.50186662,3.3,1.4,0.0,담뱃불/ 라이터불,담뱃불,부주의,담배꽁초,쓰레기류,쓰레기,,,,,판매/업무시설,일반업무,일반빌딩,1.0,5.0,N,N,N,N,,,,,-2.7,,1.0,290.0,60.0,,3937.0,역삼1동
241222183447439,기타(쓰레기 화재등),,,,,,,,,,0,0,0,242,2024,겨울,4,20241222,173500,12,22,17,35,일요일,강남소방서,역삼119안전센터,,351,0,서울특별시,강남구,도시,127.0361372,37.49249014,4.4,1.0,0.0,담뱃불/ 라이터불,담뱃불,부주의,담배꽁초,쓰레기류,쓰레기,,,,,기타,야외,쓰레기,,,N,N,N,N,,,,,0.0,,3.0,270.0,43.0,0.7,3833.0,역삼1동
241222233343943,건축/구조물,양식(옥),철근콘크리트조,슬라브가,,4.0,2.0,1149.08,317.3,사용중,0,0,0,226,2024,겨울,4,20241222,224000,12,22,22,40,일요일,강남소방서,역삼119안전센터,,0,0,서울특별시,강남구,도시,127.0277808,37.50049325,4.0,2.1,0.0,작동기기,불꽃/ 스파크/ 정전기,미상,미상,가연성가스,프로판가스,계절용 기기,가스난로/스토브,,,생활서비스,음식점,호프집,1.0,0.0,N,N,N,N,,,,,-2.3,,1.0,270.0,56.0,0.7,3061.0,역삼1동
